"ncss","ccn","method"
"17","9","org.apache.pdfbox.multipdf.PDFMergerUtilityTest.checkWithNumberTree(PDDocument)"
"10","6","org.apache.pdfbox.multipdf.PDFMergerUtilityTest.checkForIDTreeOrphans(PDPageTree,PDStructureTreeRoot)"
"14","7","org.apache.pdfbox.multipdf.PDFMergerUtilityTest.ElementCounter.walk(COSBase)"
"35","15","org.apache.pdfbox.multipdf.PDFMergerUtilityTest.checkElement(PDPageTree,COSBase)"
"32","5","org.apache.pdfbox.multipdf.PDFMergerUtilityTest.checkMergeIdentical(String,String,String,MemoryUsageSetting)"
"16","7","org.apache.pdfbox.pdmodel.documentinterchange.logicalstructure.PDStructureElementTest.checkElement(COSBase,PDAttributeObject)"
"16","5","org.apache.pdfbox.pdmodel.interactive.form.PDButtonTest.testRadioButtonWithOptions()"
"8","5","org.apache.pdfbox.pdmodel.interactive.form.PDAcroFormTest.countWidgets(PDDocument)"
"20","8","org.apache.pdfbox.pdmodel.graphics.image.JPEGFactoryTest.testCreateFromImageINT_ARGB()"
"20","8","org.apache.pdfbox.pdmodel.graphics.image.JPEGFactoryTest.testCreateFromImage4BYTE_ABGR()"
"18","8","org.apache.pdfbox.pdmodel.graphics.image.JPEGFactoryTest.testCreateFromImageUSHORT_555_RGB()"
"81","12","org.apache.pdfbox.pdmodel.graphics.image.PDInlineImageTest.testInlineImage()"
"66","13","org.apache.pdfbox.pdmodel.graphics.image.LosslessFactoryTest.doBitmaskTransparencyTest(int,String)"
"18","5","org.apache.pdfbox.util.QuickSort.partition(T,T,int,int,int)"
"35","15","org.apache.pdfbox.util.Hex.decodeBase64(String)"
"14","5","org.apache.pdfbox.util.Hex.decodeHex(String)"
"10","8","org.apache.pdfbox.util.Matrix.createMatrix(COSBase)"
"24","6","org.apache.pdfbox.util.Matrix.multiply(Matrix,Matrix)"
"8","7","org.apache.pdfbox.util.Matrix.equals(Object)"
"17","8","org.apache.pdfbox.util.XMLUtil.parse(InputStream,boolean)"
"17","11","org.apache.pdfbox.util.NumberFormatUtil.formatFloatFast(float,int,int[])"
"15","7","org.apache.pdfbox.util.NumberFormatUtil.formatPositiveNumber(long,int,boolean,boolean[],int)"
"11","5","org.apache.pdfbox.util.filetypedetector.FileTypeDetector.detectFileType(BufferedInputStream)"
"8","6","org.apache.pdfbox.util.DateConverter.restrainTZoffset(long)"
"15","8","org.apache.pdfbox.util.DateConverter.parseTimeField(String,ParsePosition,int,int)"
"26","9","org.apache.pdfbox.util.DateConverter.parseTZoffset(String,GregorianCalendar,ParsePosition)"
"18","7","org.apache.pdfbox.util.DateConverter.updateZoneId(TimeZone)"
"26","6","org.apache.pdfbox.util.DateConverter.parseBigEndianDate(String,ParsePosition)"
"32","18","org.apache.pdfbox.util.DateConverter.parseDate(String,ParsePosition)"
"10","7","org.apache.pdfbox.util.DateConverter.toCalendar(String)"
"12","6","org.apache.pdfbox.util.Version.getVersion()"
"9","7","org.apache.pdfbox.pdfwriter.COSWriterXRefEntry.compareTo(COSWriterXRefEntry)"
"18","9","org.apache.pdfbox.pdfwriter.COSWriter.prepareIncrement(PDDocument)"
"17","15","org.apache.pdfbox.pdfwriter.COSWriter.addObjectToWrite(COSBase)"
"25","8","org.apache.pdfbox.pdfwriter.COSWriter.doWriteXRefInc(COSDocument,long)"
"25","6","org.apache.pdfbox.pdfwriter.COSWriter.doWriteSignature()"
"11","6","org.apache.pdfbox.pdfwriter.COSWriter.writeExternalSignature(range[])"
"21","5","org.apache.pdfbox.pdfwriter.COSWriter.getXRefRanges(COSWriterXRefEntry)"
"14","6","org.apache.pdfbox.pdfwriter.COSWriter.getObjectKey(COSBase)"
"33","12","org.apache.pdfbox.pdfwriter.COSWriter.visitFromArray(COSArray)"
"53","22","org.apache.pdfbox.pdfwriter.COSWriter.visitFromDictionary(COSDictionary)"
"27","8","org.apache.pdfbox.pdfwriter.COSWriter.visitFromDocument(COSDocument)"
"49","20","org.apache.pdfbox.pdfwriter.COSWriter.write(PDDocument,SignatureInterface)"
"28","12","org.apache.pdfbox.pdfwriter.COSWriter.writeString(output[],boolean,OutputStream)"
"63","15","org.apache.pdfbox.pdfwriter.ContentStreamWriter.writeObject(Object)"
"29","6","org.apache.pdfbox.multipdf.PDFMergerUtility.optimizedMergeDocuments(MemoryUsageSetting)"
"27","11","org.apache.pdfbox.multipdf.PDFMergerUtility.legacyMergeDocuments(MemoryUsageSetting)"
"202","61","org.apache.pdfbox.multipdf.PDFMergerUtility.appendDocument(PDDocument,PDDocument)"
"21","16","org.apache.pdfbox.multipdf.PDFMergerUtility.mergeViewerPreferences(PDDocumentCatalog,PDDocumentCatalog)"
"11","5","org.apache.pdfbox.multipdf.PDFMergerUtility.mergeMarkInfo(PDDocumentCatalog,PDDocumentCatalog)"
"21","6","org.apache.pdfbox.multipdf.PDFMergerUtility.mergeKEntries(PDFCloneUtility,PDStructureTreeRoot,PDStructureTreeRoot)"
"17","6","org.apache.pdfbox.multipdf.PDFMergerUtility.mergeIDTree(PDFCloneUtility,PDStructureTreeRoot,PDStructureTreeRoot)"
"16","9","org.apache.pdfbox.multipdf.PDFMergerUtility.mergeRoleMap(PDStructureTreeRoot,PDStructureTreeRoot)"
"15","7","org.apache.pdfbox.multipdf.PDFMergerUtility.mergeOutputIntents(PDFCloneUtility,PDDocumentCatalog,PDDocumentCatalog)"
"15","9","org.apache.pdfbox.multipdf.PDFMergerUtility.mergeAcroForm(PDFCloneUtility,PDDocumentCatalog,PDDocumentCatalog)"
"17","6","org.apache.pdfbox.multipdf.PDFMergerUtility.acroFormJoinFieldsMode(PDFCloneUtility,PDAcroForm,PDAcroForm)"
"31","12","org.apache.pdfbox.multipdf.PDFMergerUtility.mergeFields(PDFCloneUtility,PDField,PDField)"
"21","8","org.apache.pdfbox.multipdf.PDFMergerUtility.acroFormLegacyMode(PDFCloneUtility,PDAcroForm,PDAcroForm)"
"22","7","org.apache.pdfbox.multipdf.PDFMergerUtility.updatePageReferences(PDFCloneUtility,COSDictionary,COSDictionary)"
"53","19","org.apache.pdfbox.multipdf.PDFCloneUtility.cloneForNewDocument(Object)"
"46","17","org.apache.pdfbox.multipdf.PDFCloneUtility.cloneMerge(COSObjectable,COSObjectable)"
"42","6","org.apache.pdfbox.multipdf.LayerUtility.importPageAsForm(PDDocument,PDPage)"
"22","7","org.apache.pdfbox.multipdf.LayerUtility.appendFormAsLayer(PDPage,PDFormXObject,AffineTransform,String)"
"9","6","org.apache.pdfbox.multipdf.LayerUtility.transferDict(COSDictionary,COSDictionary,String,boolean)"
"10","5","org.apache.pdfbox.multipdf.Splitter.processPages()"
"13","7","org.apache.pdfbox.multipdf.Splitter.processAnnotations(PDPage)"
"17","8","org.apache.pdfbox.multipdf.Overlay.close()"
"29","14","org.apache.pdfbox.multipdf.Overlay.loadPDFs()"
"17","8","org.apache.pdfbox.multipdf.Overlay.createContentStreamList(COSBase)"
"24","6","org.apache.pdfbox.multipdf.Overlay.processPages(PDDocument)"
"10","6","org.apache.pdfbox.multipdf.Overlay.addOriginalContent(COSBase,COSArray)"
"24","13","org.apache.pdfbox.multipdf.Overlay.getLayoutPage(int,int)"
"7","5","org.apache.pdfbox.multipdf.Overlay.float2String(float)"
"12","5","org.apache.pdfbox.io.RandomAccessBufferedFileInputStream.read(int[],int,int)"
"17","12","org.apache.pdfbox.io.MemoryUsageSetting.MemoryUsageSetting(boolean,boolean,long,long)"
"2","6","org.apache.pdfbox.io.MemoryUsageSetting.toString()"
"12","6","org.apache.pdfbox.io.RandomAccessBuffer.read()"
"10","6","org.apache.pdfbox.io.RandomAccessBuffer.read(int[],int,int)"
"17","7","org.apache.pdfbox.io.RandomAccessBuffer.readRemainingBytes(int[],int,int)"
"14","8","org.apache.pdfbox.io.RandomAccessBuffer.write(int)"
"27","8","org.apache.pdfbox.io.RandomAccessBuffer.write(Override[],int,int)"
"17","5","org.apache.pdfbox.io.ScratchFileBuffer.addPage()"
"15","6","org.apache.pdfbox.io.ScratchFileBuffer.ensureAvailableBytesInPage(boolean)"
"17","8","org.apache.pdfbox.io.ScratchFileBuffer.seek(long)"
"7","5","org.apache.pdfbox.io.ScratchFileBuffer.read()"
"17","6","org.apache.pdfbox.io.ScratchFileBuffer.read(int[],int,int)"
"10","11","org.apache.pdfbox.io.ScratchFile.ScratchFile(MemoryUsageSetting)"
"12","5","org.apache.pdfbox.io.ScratchFile.getNewPage()"
"41","16","org.apache.pdfbox.io.ScratchFile.enlarge()"
"18","10","org.apache.pdfbox.io.ScratchFile.readPage(int)"
"18","8","org.apache.pdfbox.io.ScratchFile.writePage(int,int[])"
"8","6","org.apache.pdfbox.io.ScratchFile.markPagesAsFree(buf[],int,int)"
"17","11","org.apache.pdfbox.io.ScratchFile.close()"
"31","6","org.apache.pdfbox.printing.PDFPageable.getPageFormat(int)"
"49","16","org.apache.pdfbox.printing.PDFPrintable.print(Graphics,PageFormat,int)"
"15","6","org.apache.pdfbox.cos.COSString.parseHex(String)"
"8","8","org.apache.pdfbox.cos.COSString.getString()"
"10","6","org.apache.pdfbox.cos.COSArray.removeObject(COSBase)"
"8","6","org.apache.pdfbox.cos.COSArray.indexOfObject(COSBase)"
"23","6","org.apache.pdfbox.cos.COSInputStream.create(Filter,COSDictionary,InputStream,ScratchFile,DecodeOptions)"
"7","5","org.apache.pdfbox.cos.COSInteger.get(long)"
"6","6","org.apache.pdfbox.cos.COSDictionary.getKeyForValue(Object)"
"33","14","org.apache.pdfbox.cos.COSDictionary.getDictionaryString(COSBase,COSBase)"
"14","9","org.apache.pdfbox.cos.COSObjectKey.compareTo(COSObjectKey)"
"10","16","org.apache.pdfbox.cos.COSName.writePDF(OutputStream)"
"16","7","org.apache.pdfbox.cos.COSFloat.COSFloat(String)"
"16","10","org.apache.pdfbox.cos.COSFloat.checkMinMaxValues()"
"5","5","org.apache.pdfbox.cos.COSFloat.removeNullDigits(String)"
"19","16","org.apache.pdfbox.cos.COSNumber.get(String)"
"16","8","org.apache.pdfbox.cos.COSDocument.getObjectByType(COSName)"
"17","7","org.apache.pdfbox.cos.COSDocument.getObjectsByType(COSName)"
"14","8","org.apache.pdfbox.cos.COSDocument.close()"
"10","7","org.apache.pdfbox.cos.COSDocument.dereferenceObjectStreams()"
"18","5","org.apache.pdfbox.contentstream.PDFStreamEngine.processAnnotation(PDAnnotation,PDAppearanceStream)"
"26","7","org.apache.pdfbox.contentstream.PDFStreamEngine.showTextStrings(COSArray)"
"42","7","org.apache.pdfbox.contentstream.PDFStreamEngine.showText(ty[])"
"11","7","org.apache.pdfbox.contentstream.PDFStreamEngine.operatorException(Operator,COSBase,IOException)"
"21","9","org.apache.pdfbox.contentstream.operator.markedcontent.DrawObject.process(Operator,COSBase)"
"11","5","org.apache.pdfbox.contentstream.operator.Operator.getOperator(String)"
"22","11","org.apache.pdfbox.contentstream.operator.DrawObject.process(Operator,COSBase)"
"10","6","org.apache.pdfbox.contentstream.operator.color.SetColor.process(Operator,COSBase)"
"7","5","org.apache.pdfbox.contentstream.operator.state.SetRenderingIntent.process(Operator,COSBase)"
"26","12","org.apache.pdfbox.contentstream.operator.state.SetLineDashPattern.process(Operator,COSBase)"
"13","5","org.apache.pdfbox.contentstream.operator.state.Concatenate.process(Operator,COSBase)"
"7","5","org.apache.pdfbox.contentstream.operator.state.SetFlatness.process(Operator,COSBase)"
"14","5","org.apache.pdfbox.contentstream.operator.state.SetMatrix.process(Operator,COSBase)"
"12","7","org.apache.pdfbox.contentstream.operator.state.SetGraphicsStateParameters.process(Operator,COSBase)"
"10","7","org.apache.pdfbox.contentstream.operator.text.ShowText.process(Operator,COSBase)"
"8","5","org.apache.pdfbox.contentstream.operator.text.SetWordSpacing.process(Operator,COSBase)"
"8","5","org.apache.pdfbox.contentstream.operator.text.SetTextRise.process(Operator,COSBase)"
"12","8","org.apache.pdfbox.contentstream.operator.text.SetTextRenderingMode.process(Operator,COSBase)"
"10","7","org.apache.pdfbox.contentstream.operator.text.ShowTextAdjusted.process(Operator,COSBase)"
"11","5","org.apache.pdfbox.contentstream.operator.text.MoveTextSetLeading.process(Operator,COSBase)"
"18","9","org.apache.pdfbox.contentstream.operator.text.MoveText.process(Operator,COSBase)"
"16","8","org.apache.pdfbox.contentstream.operator.text.SetFontAndSize.process(Operator,COSBase)"
"19","6","org.apache.pdfbox.contentstream.operator.graphics.CurveTo.process(Operator,COSBase)"
"17","6","org.apache.pdfbox.contentstream.operator.graphics.CurveToReplicateInitialPoint.process(Operator,COSBase)"
"17","8","org.apache.pdfbox.contentstream.operator.graphics.LineTo.process(Operator,COSBase)"
"27","12","org.apache.pdfbox.contentstream.operator.graphics.DrawObject.process(Operator,COSBase)"
"18","5","org.apache.pdfbox.contentstream.operator.graphics.AppendRectangleToPath.process(Operator,COSBase)"
"13","7","org.apache.pdfbox.contentstream.operator.graphics.MoveTo.process(Operator,COSBase)"
"12","5","org.apache.pdfbox.contentstream.operator.graphics.CurveToReplicateFinalPoint.process(Operator,COSBase)"
"61","17","org.apache.pdfbox.pdmodel.PDDocument.addSignature(PDSignature,SignatureInterface,SignatureOptions)"
"9","5","org.apache.pdfbox.pdmodel.PDDocument.findSignatureField(PDField,PDSignature)"
"6","5","org.apache.pdfbox.pdmodel.PDDocument.checkSignatureField(PDField,PDSignatureField)"
"21","13","org.apache.pdfbox.pdmodel.PDDocument.prepareVisibleSignature(PDSignatureField,PDAcroForm,COSDocument)"
"16","5","org.apache.pdfbox.pdmodel.PDDocument.assignAcroFormDefaultResource(PDAcroForm,COSDictionary)"
"24","7","org.apache.pdfbox.pdmodel.PDDocument.addSignatureField(PDSignatureField,SignatureInterface,SignatureOptions)"
"15","7","org.apache.pdfbox.pdmodel.PDDocument.saveIncrementalForExternalSigning(OutputStream)"
"12","7","org.apache.pdfbox.pdmodel.PDDocument.close()"
"10","5","org.apache.pdfbox.pdmodel.PDDocument.protect(ProtectionPolicy)"
"12","5","org.apache.pdfbox.pdmodel.PDDocument.getVersion()"
"11","6","org.apache.pdfbox.pdmodel.PDDocument.setVersion(float)"
"5","5","org.apache.pdfbox.pdmodel.PageMode.fromString(String)"
"11","10","org.apache.pdfbox.pdmodel.encryption.SecurityHandlerFactory.newSecurityHandler(SecurityHandler,Class[],Object[])"
"33","20","org.apache.pdfbox.pdmodel.encryption.SaslPrep.saslPrep(String,boolean)"
"2","10","org.apache.pdfbox.pdmodel.encryption.SaslPrep.prohibited(int)"
"2","15","org.apache.pdfbox.pdmodel.encryption.SaslPrep.changeDisplayProperties(int)"
"2","5","org.apache.pdfbox.pdmodel.encryption.SaslPrep.inappropriateForPlainText(int)"
"2","36","org.apache.pdfbox.pdmodel.encryption.SaslPrep.nonCharacterCodePoint(int)"
"2","6","org.apache.pdfbox.pdmodel.encryption.SaslPrep.privateUse(int)"
"2","20","org.apache.pdfbox.pdmodel.encryption.SaslPrep.nonAsciiControl(int)"
"2","7","org.apache.pdfbox.pdmodel.encryption.SaslPrep.nonAsciiSpace(char)"
"2","13","org.apache.pdfbox.pdmodel.encryption.SaslPrep.mappedToNothing(char)"
"74","28","org.apache.pdfbox.pdmodel.encryption.PublicKeySecurityHandler.prepareForDecryption(PDEncryption,COSArray,DecryptionMaterial)"
"43","11","org.apache.pdfbox.pdmodel.encryption.PublicKeySecurityHandler.prepareDocumentForEncryption(PDDocument)"
"10","8","org.apache.pdfbox.pdmodel.encryption.PublicKeySecurityHandler.computeVersionNumber()"
"27","5","org.apache.pdfbox.pdmodel.encryption.PublicKeySecurityHandler.createDERForRecipient(ASN1Primitive[],X509Certificate)"
"16","5","org.apache.pdfbox.pdmodel.encryption.PublicKeySecurityHandler.computeRecipientInfo(X509Certificate,X509Certificate[])"
"9","6","org.apache.pdfbox.pdmodel.encryption.PublicKeyDecryptionMaterial.getCertificate()"
"13","10","org.apache.pdfbox.pdmodel.encryption.PublicKeyDecryptionMaterial.getPrivateKey()"
"2","8","org.apache.pdfbox.pdmodel.encryption.AccessPermission.isOwnerPermission()"
"8","7","org.apache.pdfbox.pdmodel.encryption.AccessPermission.hasAnyRevision3PermissionSet()"
"4","5","org.apache.pdfbox.pdmodel.encryption.ProtectionPolicy.setEncryptionKeyLength(int)"
"10","8","org.apache.pdfbox.pdmodel.encryption.StandardSecurityHandler.computeVersionNumber()"
"10","12","org.apache.pdfbox.pdmodel.encryption.StandardSecurityHandler.computeRevisionNumber(int)"
"51","20","org.apache.pdfbox.pdmodel.encryption.StandardSecurityHandler.prepareForDecryption(PDEncryption,COSArray,DecryptionMaterial)"
"14","11","org.apache.pdfbox.pdmodel.encryption.StandardSecurityHandler.validatePerms(PDEncryption,int,boolean)"
"31","8","org.apache.pdfbox.pdmodel.encryption.StandardSecurityHandler.prepareDocumentForEncryption(PDDocument)"
"16","5","org.apache.pdfbox.pdmodel.encryption.StandardSecurityHandler.isOwnerPassword(boolean[],boolean[][],boolean[][][],int,int[],int,int,boolean)"
"18","6","org.apache.pdfbox.pdmodel.encryption.StandardSecurityHandler.getUserPassword(encryptMetadata[][],encryptMetadata[][][],int,int)"
"20","6","org.apache.pdfbox.pdmodel.encryption.StandardSecurityHandler.computeEncryptedKeyRev234(encRevision[][],encRevision[][][],int,int[],boolean,int,int)"
"24","7","org.apache.pdfbox.pdmodel.encryption.StandardSecurityHandler.computeEncryptedKeyRev56(result[][],boolean,boolean[],boolean[][],boolean[][][],boolean[][][][],int)"
"25","6","org.apache.pdfbox.pdmodel.encryption.StandardSecurityHandler.computeUserPassword(e[][],e[][][],int,int[],int,int,boolean)"
"17","8","org.apache.pdfbox.pdmodel.encryption.StandardSecurityHandler.computeOwnerPassword(result.toByteArray[][],result.toByteArray[][][],int,int)"
"11","9","org.apache.pdfbox.pdmodel.encryption.StandardSecurityHandler.isUserPassword(boolean[],boolean[][],boolean[][][],int,int[],int,int,boolean)"
"16","5","org.apache.pdfbox.pdmodel.encryption.StandardSecurityHandler.computeHash2A(encryptMetadata[][],encryptMetadata[][][],encryptMetadata[][][][])"
"44","13","org.apache.pdfbox.pdmodel.encryption.StandardSecurityHandler.computeHash2B(userKey[][],userKey[][][],userKey[][][][])"
"7","5","org.apache.pdfbox.pdmodel.encryption.StandardSecurityHandler.computeSHA256(e[][],e[][][],e[][][][])"
"15","12","org.apache.pdfbox.pdmodel.encryption.SecurityProvider.getProvider()"
"13","6","org.apache.pdfbox.pdmodel.encryption.RC4Cipher.setKey(salt[])"
"14","7","org.apache.pdfbox.pdmodel.encryption.SecurityHandler.encryptDataAESother(output[],InputStream,OutputStream,boolean)"
"16","8","org.apache.pdfbox.pdmodel.encryption.SecurityHandler.encryptDataAES256(InputStream,OutputStream,boolean)"
"12","6","org.apache.pdfbox.pdmodel.encryption.SecurityHandler.prepareAESInitializationVector(boolean,boolean[],InputStream,OutputStream)"
"20","13","org.apache.pdfbox.pdmodel.encryption.SecurityHandler.decrypt(COSBase,long,long)"
"24","11","org.apache.pdfbox.pdmodel.encryption.SecurityHandler.decryptStream(COSStream,long,long)"
"11","12","org.apache.pdfbox.pdmodel.encryption.SecurityHandler.decryptDictionary(COSDictionary,long,long)"
"16","5","org.apache.pdfbox.pdmodel.PDAppearanceContentStream.setStrokingColor(components[])"
"16","5","org.apache.pdfbox.pdmodel.PDAppearanceContentStream.setNonStrokingColor(components[])"
"7","7","org.apache.pdfbox.pdmodel.PDAppearanceContentStream.setBorderLine(float,PDBorderStyleDictionary,COSArray)"
"14","6","org.apache.pdfbox.pdmodel.PDAppearanceContentStream.drawShape(float,boolean,boolean)"
"12","5","org.apache.pdfbox.pdmodel.PDPage.getContentStreams()"
"17","8","org.apache.pdfbox.pdmodel.PDPage.getContents()"
"8","5","org.apache.pdfbox.pdmodel.PDPage.hasContents()"
"14","6","org.apache.pdfbox.pdmodel.PDPage.getAnnotations(AnnotationFilter)"
"13","5","org.apache.pdfbox.pdmodel.PDPage.getViewports()"
"5","5","org.apache.pdfbox.pdmodel.PageLayout.fromString(String)"
"10","6","org.apache.pdfbox.pdmodel.PDPageTree.getInheritableAttribute(COSDictionary,COSName)"
"12","6","org.apache.pdfbox.pdmodel.PDPageTree.getKids(COSDictionary)"
"7","5","org.apache.pdfbox.pdmodel.PDPageTree.sanitizeType(COSDictionary)"
"25","16","org.apache.pdfbox.pdmodel.PDPageTree.get(int,COSDictionary,int)"
"15","5","org.apache.pdfbox.pdmodel.PDPageTree.insertBefore(PDPage,PDPage)"
"15","5","org.apache.pdfbox.pdmodel.PDPageTree.insertAfter(PDPage,PDPage)"
"4","6","org.apache.pdfbox.pdmodel.PDDocumentInformation.setTrapped(String)"
"8","5","org.apache.pdfbox.pdmodel.documentinterchange.markedcontent.PDPropertyList.create(COSDictionary)"
"15","7","org.apache.pdfbox.pdmodel.documentinterchange.taggedpdf.PDExportFormatAttributeObject.toString()"
"13","7","org.apache.pdfbox.pdmodel.documentinterchange.taggedpdf.PDStandardAttributeObject.getNameOrArrayOfName(String,String)"
"7","5","org.apache.pdfbox.pdmodel.documentinterchange.taggedpdf.PDStandardAttributeObject.getNumberOrName(String,String)"
"15","9","org.apache.pdfbox.pdmodel.documentinterchange.taggedpdf.PDStandardAttributeObject.getNumberOrArrayOfNumber(String,float)"
"10","7","org.apache.pdfbox.pdmodel.documentinterchange.taggedpdf.PDStandardAttributeObject.getColorOrFourColors(String)"
"13","6","org.apache.pdfbox.pdmodel.documentinterchange.taggedpdf.PDTableAttributeObject.toString()"
"7","5","org.apache.pdfbox.pdmodel.documentinterchange.taggedpdf.PDArtifactMarkedContent.isAttached(String)"
"117","43","org.apache.pdfbox.pdmodel.documentinterchange.taggedpdf.PDLayoutAttributeObject.toString()"
"14","10","org.apache.pdfbox.pdmodel.documentinterchange.logicalstructure.PDObjectReference.getReferencedObject()"
"7","7","org.apache.pdfbox.pdmodel.documentinterchange.logicalstructure.PDStructureNode.create(COSDictionary)"
"13","5","org.apache.pdfbox.pdmodel.documentinterchange.logicalstructure.PDStructureNode.getKids()"
"15","5","org.apache.pdfbox.pdmodel.documentinterchange.logicalstructure.PDStructureNode.appendKid(COSBase)"
"26","12","org.apache.pdfbox.pdmodel.documentinterchange.logicalstructure.PDStructureNode.insertBefore(COSBase,Object)"
"22","12","org.apache.pdfbox.pdmodel.documentinterchange.logicalstructure.PDStructureNode.removeKid(COSBase)"
"16","8","org.apache.pdfbox.pdmodel.documentinterchange.logicalstructure.PDStructureNode.createObject(COSBase)"
"11","8","org.apache.pdfbox.pdmodel.documentinterchange.logicalstructure.PDStructureNode.createObjectFromDic(COSDictionary)"
"20","19","org.apache.pdfbox.pdmodel.documentinterchange.logicalstructure.PDAttributeObject.create(COSDictionary)"
"15","12","org.apache.pdfbox.pdmodel.documentinterchange.logicalstructure.PDUserProperty.equals(Object)"
"23","7","org.apache.pdfbox.pdmodel.documentinterchange.logicalstructure.PDStructureElement.getAttributes()"
"17","7","org.apache.pdfbox.pdmodel.documentinterchange.logicalstructure.PDStructureElement.setAttributes(PDAttributeObject)"
"15","6","org.apache.pdfbox.pdmodel.documentinterchange.logicalstructure.PDStructureElement.removeAttribute(PDAttributeObject)"
"16","5","org.apache.pdfbox.pdmodel.documentinterchange.logicalstructure.PDStructureElement.attributeChanged(PDAttributeObject)"
"21","7","org.apache.pdfbox.pdmodel.documentinterchange.logicalstructure.PDStructureElement.getClassNames()"
"17","9","org.apache.pdfbox.pdmodel.documentinterchange.logicalstructure.PDStructureElement.setClassNames(String)"
"16","5","org.apache.pdfbox.pdmodel.documentinterchange.logicalstructure.PDStructureElement.addClassName(String)"
"17","8","org.apache.pdfbox.pdmodel.documentinterchange.logicalstructure.PDStructureElement.removeClassName(String)"
"11","6","org.apache.pdfbox.pdmodel.documentinterchange.logicalstructure.PDStructureTreeRoot.getKArray()"
"12","7","org.apache.pdfbox.pdmodel.fdf.FDFAnnotationText.FDFAnnotationText(Element)"
"12","6","org.apache.pdfbox.pdmodel.fdf.FDFAnnotationPolyline.initVertices(Element)"
"11","8","org.apache.pdfbox.pdmodel.fdf.FDFAnnotationPolyline.initStyles(Element)"
"12","6","org.apache.pdfbox.pdmodel.fdf.FDFAnnotationPolygon.initVertices(Element)"
"13","5","org.apache.pdfbox.pdmodel.fdf.FDFAnnotationLink.FDFAnnotationLink(Element)"
"17","6","org.apache.pdfbox.pdmodel.fdf.FDFAnnotationFreeText.FDFAnnotationFreeText(Element)"
"12","5","org.apache.pdfbox.pdmodel.fdf.FDFAnnotationFreeText.initFringe(Element)"
"111","44","org.apache.pdfbox.pdmodel.fdf.FDFAnnotation.FDFAnnotation(Element)"
"56","19","org.apache.pdfbox.pdmodel.fdf.FDFAnnotation.create(COSDictionary)"
"11","7","org.apache.pdfbox.pdmodel.fdf.FDFAnnotation.getStringOrStream(COSBase)"
"27","10","org.apache.pdfbox.pdmodel.fdf.FDFAnnotation.richContentsToString(Node,boolean)"
"98","33","org.apache.pdfbox.pdmodel.fdf.FDFDictionary.FDFDictionary(Element)"
"16","6","org.apache.pdfbox.pdmodel.fdf.FDFDictionary.writeXML(Writer)"
"12","5","org.apache.pdfbox.pdmodel.fdf.FDFAnnotationSquare.initFringe(Element)"
"9","5","org.apache.pdfbox.pdmodel.fdf.FDFJavaScript.getBefore()"
"9","5","org.apache.pdfbox.pdmodel.fdf.FDFJavaScript.getAfter()"
"23","9","org.apache.pdfbox.pdmodel.fdf.FDFAnnotationStamp.FDFAnnotationStamp(Element)"
"21","6","org.apache.pdfbox.pdmodel.fdf.FDFAnnotationStamp.parseStampAnnotationAppearanceXML(Element)"
"63","14","org.apache.pdfbox.pdmodel.fdf.FDFAnnotationStamp.parseStreamElement(Element)"
"43","16","org.apache.pdfbox.pdmodel.fdf.FDFAnnotationStamp.parseArrayElement(Element)"
"43","10","org.apache.pdfbox.pdmodel.fdf.FDFAnnotationStamp.parseDictElement(Element)"
"12","7","org.apache.pdfbox.pdmodel.fdf.FDFAnnotationTextMarkup.FDFAnnotationTextMarkup(Element)"
"19","7","org.apache.pdfbox.pdmodel.fdf.FDFField.FDFField(Element)"
"18","7","org.apache.pdfbox.pdmodel.fdf.FDFField.writeXML(Writer)"
"18","11","org.apache.pdfbox.pdmodel.fdf.FDFField.getValue()"
"15","10","org.apache.pdfbox.pdmodel.fdf.FDFField.getCOSValue()"
"14","6","org.apache.pdfbox.pdmodel.fdf.FDFField.setValue(Object)"
"9","5","org.apache.pdfbox.pdmodel.fdf.FDFField.getRichText()"
"26","8","org.apache.pdfbox.pdmodel.fdf.FDFField.escapeXML(String)"
"12","5","org.apache.pdfbox.pdmodel.fdf.FDFAnnotationCaret.initFringe(Element)"
"48","31","org.apache.pdfbox.pdmodel.fdf.FDFAnnotationLine.FDFAnnotationLine(Element)"
"20","7","org.apache.pdfbox.pdmodel.fdf.FDFAnnotationInk.FDFAnnotationInk(Element)"
"12","5","org.apache.pdfbox.pdmodel.fdf.FDFAnnotationCircle.initFringe(Element)"
"12","5","org.apache.pdfbox.pdmodel.PDAbstractContentStream.showTextWithPositioning(Object[])"
"16","8","org.apache.pdfbox.pdmodel.PDAbstractContentStream.showTextInternal(String)"
"32","7","org.apache.pdfbox.pdmodel.PDAbstractContentStream.drawImage(PDInlineImage,float,float,float,float)"
"10","6","org.apache.pdfbox.pdmodel.PDAbstractContentStream.saveGraphicsState()"
"10","6","org.apache.pdfbox.pdmodel.PDAbstractContentStream.restoreGraphicsState()"
"5","5","org.apache.pdfbox.pdmodel.PDAbstractContentStream.getName(PDColorSpace)"
"13","9","org.apache.pdfbox.pdmodel.PDAbstractContentStream.setStrokingColor(PDColor)"
"8","5","org.apache.pdfbox.pdmodel.PDAbstractContentStream.setStrokingColor(float,float,float)"
"4","5","org.apache.pdfbox.pdmodel.PDAbstractContentStream.setStrokingColor(int,int,int)"
"9","6","org.apache.pdfbox.pdmodel.PDAbstractContentStream.setStrokingColor(float,float,float,float)"
"13","9","org.apache.pdfbox.pdmodel.PDAbstractContentStream.setNonStrokingColor(PDColor)"
"8","5","org.apache.pdfbox.pdmodel.PDAbstractContentStream.setNonStrokingColor(float,float,float)"
"4","5","org.apache.pdfbox.pdmodel.PDAbstractContentStream.setNonStrokingColor(int,int,int)"
"4","6","org.apache.pdfbox.pdmodel.PDAbstractContentStream.setNonStrokingColor(int,int,int,int)"
"9","6","org.apache.pdfbox.pdmodel.PDAbstractContentStream.setNonStrokingColor(float,float,float,float)"
"8","6","org.apache.pdfbox.pdmodel.PDAbstractContentStream.setLineJoinStyle(int)"
"8","6","org.apache.pdfbox.pdmodel.PDAbstractContentStream.setLineCapStyle(int)"
"7","5","org.apache.pdfbox.pdmodel.PDAbstractContentStream.setMiterLimit(float)"
"37","9","org.apache.pdfbox.pdmodel.PDPageContentStream.PDPageContentStream(PDDocument,PDPage,AppendMode,boolean,boolean)"
"12","5","org.apache.pdfbox.pdmodel.PDPageContentStream.showTextWithPositioning(Object[])"
"13","7","org.apache.pdfbox.pdmodel.PDPageContentStream.showTextInternal(String)"
"32","7","org.apache.pdfbox.pdmodel.PDPageContentStream.drawImage(PDInlineImage,float,float,float,float)"
"10","5","org.apache.pdfbox.pdmodel.PDPageContentStream.saveGraphicsState()"
"10","5","org.apache.pdfbox.pdmodel.PDPageContentStream.restoreGraphicsState()"
"5","5","org.apache.pdfbox.pdmodel.PDPageContentStream.getName(PDColorSpace)"
"13","9","org.apache.pdfbox.pdmodel.PDPageContentStream.setStrokingColor(PDColor)"
"10","7","org.apache.pdfbox.pdmodel.PDPageContentStream.setStrokingColor(Deprecated[])"
"8","5","org.apache.pdfbox.pdmodel.PDPageContentStream.setStrokingColor(float,float,float)"
"4","5","org.apache.pdfbox.pdmodel.PDPageContentStream.setStrokingColor(int,int,int)"
"4","6","org.apache.pdfbox.pdmodel.PDPageContentStream.setStrokingColor(int,int,int,int)"
"9","6","org.apache.pdfbox.pdmodel.PDPageContentStream.setStrokingColor(float,float,float,float)"
"13","9","org.apache.pdfbox.pdmodel.PDPageContentStream.setNonStrokingColor(PDColor)"
"10","7","org.apache.pdfbox.pdmodel.PDPageContentStream.setNonStrokingColor(Deprecated[])"
"8","5","org.apache.pdfbox.pdmodel.PDPageContentStream.setNonStrokingColor(float,float,float)"
"4","5","org.apache.pdfbox.pdmodel.PDPageContentStream.setNonStrokingColor(int,int,int)"
"4","6","org.apache.pdfbox.pdmodel.PDPageContentStream.setNonStrokingColor(int,int,int,int)"
"9","6","org.apache.pdfbox.pdmodel.PDPageContentStream.setNonStrokingColor(float,float,float,float)"
"11","7","org.apache.pdfbox.pdmodel.PDPageContentStream.addPolygon(Deprecated[],Deprecated[][])"
"11","6","org.apache.pdfbox.pdmodel.PDPageContentStream.clipPath(int)"
"8","6","org.apache.pdfbox.pdmodel.PDPageContentStream.setLineJoinStyle(int)"
"8","6","org.apache.pdfbox.pdmodel.PDPageContentStream.setLineCapStyle(int)"
"7","5","org.apache.pdfbox.pdmodel.PDPageContentStream.setMiterLimit(float)"
"11","6","org.apache.pdfbox.pdmodel.common.PDPageLabels.findLabels(PDNumberTreeNode)"
"18","6","org.apache.pdfbox.pdmodel.common.PDPageLabels.computeLabels(LabelHandler)"
"13","6","org.apache.pdfbox.pdmodel.common.PDPageLabels.LabelGenerator.next()"
"17","11","org.apache.pdfbox.pdmodel.common.PDPageLabels.LabelGenerator.getNumber(int,String)"
"14","8","org.apache.pdfbox.pdmodel.common.PDNumberTreeNode.getValue(Integer)"
"16","6","org.apache.pdfbox.pdmodel.common.PDNumberTreeNode.getNumbers()"
"20","5","org.apache.pdfbox.pdmodel.common.PDNumberTreeNode.setNumbers(COSObjectable)"
"11","5","org.apache.pdfbox.pdmodel.common.filespecification.PDComplexFileSpecification.getFilename()"
"12","5","org.apache.pdfbox.pdmodel.common.filespecification.PDFileSpecification.createFS(COSBase)"
"26","12","org.apache.pdfbox.pdmodel.common.COSArrayList.converterToCOSArray(List)"
"11","6","org.apache.pdfbox.pdmodel.common.COSArrayList.set(int,E)"
"6","5","org.apache.pdfbox.pdmodel.common.PDDictionaryWrapper.equals(Object)"
"27","10","org.apache.pdfbox.pdmodel.common.function.PDFunctionType0.Rinterpol.rinterpol(numberOfInputValues[][],int)"
"20","6","org.apache.pdfbox.pdmodel.common.function.PDFunctionType0.Rinterpol.getSamples()"
"21","15","org.apache.pdfbox.pdmodel.common.function.PDFunction.create(COSBase)"
"7","5","org.apache.pdfbox.pdmodel.common.function.PDFunction.clipToRange(float,float,float)"
"17","5","org.apache.pdfbox.pdmodel.common.function.PDFunctionType4.eval(int[][])"
"19","8","org.apache.pdfbox.pdmodel.common.function.type4.Parser.Tokenizer.nextState()"
"16","5","org.apache.pdfbox.pdmodel.common.function.type4.Parser.Tokenizer.tokenize()"
"15","5","org.apache.pdfbox.pdmodel.common.function.type4.Parser.Tokenizer.scanWhitespace()"
"14","5","org.apache.pdfbox.pdmodel.common.function.type4.Parser.Tokenizer.scanComment()"
"28","14","org.apache.pdfbox.pdmodel.common.function.type4.Parser.Tokenizer.scanToken()"
"15","7","org.apache.pdfbox.pdmodel.common.function.type4.InstructionSequence.execute(ExecutionContext)"
"18","7","org.apache.pdfbox.pdmodel.common.function.type4.InstructionSequenceBuilder.token(String)"
"15","5","org.apache.pdfbox.pdmodel.common.function.PDFunctionType2.PDFunctionType2(COSBase)"
"34","12","org.apache.pdfbox.pdmodel.common.function.PDFunctionType3.eval(Override[][])"
"16","5","org.apache.pdfbox.pdmodel.common.PDStream.addCompression()"
"16","5","org.apache.pdfbox.pdmodel.common.PDStream.createInputStream(String)"
"16","5","org.apache.pdfbox.pdmodel.common.PDStream.getDecodeParms()"
"11","5","org.apache.pdfbox.pdmodel.common.PDStream.getMetadata()"
"11","5","org.apache.pdfbox.pdmodel.common.PDNameTreeNode.setKids(T)"
"26","7","org.apache.pdfbox.pdmodel.common.PDNameTreeNode.calculateLimits()"
"17","10","org.apache.pdfbox.pdmodel.common.PDNameTreeNode.getValue(String)"
"26","10","org.apache.pdfbox.pdmodel.common.COSDictionaryMap.convertBasicTypesToMap(COSDictionary)"
"10","6","org.apache.pdfbox.pdmodel.PDDocumentNameDestinationDictionary.getDestination(String)"
"6","8","org.apache.pdfbox.pdmodel.interactive.form.PDSignatureField.constructAppearances()"
"12","5","org.apache.pdfbox.pdmodel.interactive.form.PDCheckBox.getOnValue()"
"22","16","org.apache.pdfbox.pdmodel.interactive.form.PDFieldFactory.createField(PDAcroForm,COSDictionary,PDNonTerminalField)"
"9","5","org.apache.pdfbox.pdmodel.interactive.form.PDFieldFactory.createButtonSubType(PDAcroForm,COSDictionary,PDNonTerminalField)"
"27","8","org.apache.pdfbox.pdmodel.interactive.form.PDXFAResource.getBytes()"
"12","7","org.apache.pdfbox.pdmodel.interactive.form.PDNonTerminalField.importFDF(FDFField)"
"13","5","org.apache.pdfbox.pdmodel.interactive.form.PDNonTerminalField.getChildren()"
"22","6","org.apache.pdfbox.pdmodel.interactive.form.PDAcroForm.verifyOrCreateDefaults()"
"59","21","org.apache.pdfbox.pdmodel.interactive.form.PDAcroForm.flatten(PDField,boolean)"
"12","6","org.apache.pdfbox.pdmodel.interactive.form.PDAcroForm.getFields()"
"7","6","org.apache.pdfbox.pdmodel.interactive.form.PDAcroForm.getField(String)"
"16","9","org.apache.pdfbox.pdmodel.interactive.form.PDAcroForm.resolveNeedsTranslation(PDAppearanceStream)"
"11","9","org.apache.pdfbox.pdmodel.interactive.form.PDAcroForm.resolveNeedsScaling(PDAnnotation,int)"
"19","9","org.apache.pdfbox.pdmodel.interactive.form.PDAcroForm.buildPagesWidgetsMap(PDField)"
"10","5","org.apache.pdfbox.pdmodel.interactive.form.PDButton.getExportValues()"
"10","6","org.apache.pdfbox.pdmodel.interactive.form.PDButton.getOnValueForWidget(PDAnnotationWidget)"
"11","5","org.apache.pdfbox.pdmodel.interactive.form.PDButton.updateByOption(String)"
"24","9","org.apache.pdfbox.pdmodel.interactive.form.PlainTextFormatter.format()"
"34","10","org.apache.pdfbox.pdmodel.interactive.form.PlainTextFormatter.processLines(Line,boolean)"
"17","9","org.apache.pdfbox.pdmodel.interactive.form.PDChoice.setOptions(String,String)"
"7","5","org.apache.pdfbox.pdmodel.interactive.form.PDChoice.setSelectedOptionsIndex(Integer)"
"12","7","org.apache.pdfbox.pdmodel.interactive.form.PDChoice.setValue(String)"
"10","5","org.apache.pdfbox.pdmodel.interactive.form.PDChoice.getValueFor(COSName)"
"11","7","org.apache.pdfbox.pdmodel.interactive.form.PDVariableText.getStringOrStream(COSBase)"
"31","5","org.apache.pdfbox.pdmodel.interactive.form.PlainText.Paragraph.getLines(PDFont,float,float)"
"13","9","org.apache.pdfbox.pdmodel.interactive.form.AppearanceGeneratorHelper.validateAndEnsureAcroFormResources()"
"30","13","org.apache.pdfbox.pdmodel.interactive.form.AppearanceGeneratorHelper.setAppearanceValue(String)"
"9","8","org.apache.pdfbox.pdmodel.interactive.form.AppearanceGeneratorHelper.isValidAppearanceStream(PDAppearanceEntry)"
"29","9","org.apache.pdfbox.pdmodel.interactive.form.AppearanceGeneratorHelper.initializeAppearanceContent(PDAnnotationWidget,PDAppearanceStream)"
"60","13","org.apache.pdfbox.pdmodel.interactive.form.AppearanceGeneratorHelper.insertGeneratedAppearance(PDAnnotationWidget,PDAppearanceStream,OutputStream)"
"19","6","org.apache.pdfbox.pdmodel.interactive.form.AppearanceGeneratorHelper.calculateMatrix(PDRectangle,int)"
"2","5","org.apache.pdfbox.pdmodel.interactive.form.AppearanceGeneratorHelper.shallComb()"
"16","6","org.apache.pdfbox.pdmodel.interactive.form.AppearanceGeneratorHelper.insertGeneratedListboxSelectionHighlight(PDPageContentStream,PDAppearanceStream,PDFont,float)"
"27","9","org.apache.pdfbox.pdmodel.interactive.form.AppearanceGeneratorHelper.insertGeneratedListboxAppearance(PDPageContentStream,PDAppearanceStream,PDRectangle,PDFont,float)"
"16","6","org.apache.pdfbox.pdmodel.interactive.form.AppearanceGeneratorHelper.calculateFontSize(PDFont,PDRectangle)"
"14","5","org.apache.pdfbox.pdmodel.interactive.form.PDRadioButton.getSelectedExportValues()"
"19","5","org.apache.pdfbox.pdmodel.interactive.form.PDTerminalField.importFDF(FDFField)"
"12","5","org.apache.pdfbox.pdmodel.interactive.form.PDTerminalField.getWidgets()"
"8","5","org.apache.pdfbox.pdmodel.interactive.form.PDField.getInheritableAttribute(COSName)"
"36","13","org.apache.pdfbox.pdmodel.interactive.form.PDField.importFDF(FDFField)"
"11","7","org.apache.pdfbox.pdmodel.interactive.form.PDField.findKid(String[],int)"
"7","5","org.apache.pdfbox.pdmodel.interactive.form.PDDefaultAppearanceString.PDDefaultAppearanceString(COSString,PDResources)"
"13","5","org.apache.pdfbox.pdmodel.interactive.form.PDDefaultAppearanceString.processOperator(Operator,COSBase)"
"17","9","org.apache.pdfbox.pdmodel.interactive.form.PDDefaultAppearanceString.processSetFont(COSBase)"
"17","5","org.apache.pdfbox.pdmodel.interactive.form.PDDefaultAppearanceString.processSetFontColor(COSBase)"
"20","13","org.apache.pdfbox.pdmodel.interactive.form.FieldUtils.getPairableItems(COSBase,int)"
"5","7","org.apache.pdfbox.pdmodel.interactive.measurement.PDNumberFormatDictionary.setFractionalDisplay(String)"
"5","5","org.apache.pdfbox.pdmodel.interactive.measurement.PDNumberFormatDictionary.setLabelPositionToValue(String)"
"5","8","org.apache.pdfbox.pdmodel.interactive.digitalsignature.PDSeedValue.setDigestMethod(COSName)"
"31","5","org.apache.pdfbox.pdmodel.interactive.digitalsignature.visible.PDVisibleSignDesigner.adjustForRotation()"
"15","6","org.apache.pdfbox.pdmodel.interactive.digitalsignature.PDSeedValueCertificate.getSubjectDN()"
"10","5","org.apache.pdfbox.pdmodel.interactive.digitalsignature.PDSeedValueCertificate.getKeyUsage()"
"14","5","org.apache.pdfbox.pdmodel.interactive.digitalsignature.PDSeedValueCertificate.addKeyUsage(String)"
"14","6","org.apache.pdfbox.pdmodel.interactive.digitalsignature.PDSignature.getConvertedContents(InputStream)"
"15","8","org.apache.pdfbox.pdmodel.interactive.digitalsignature.COSFilterInputStream.read(int[],int,int)"
"6","5","org.apache.pdfbox.pdmodel.interactive.digitalsignature.COSFilterInputStream.inRange()"
"5","8","org.apache.pdfbox.pdmodel.interactive.annotation.PDAnnotationWidget.setHighlightingMode(String)"
"18","7","org.apache.pdfbox.pdmodel.interactive.annotation.PDAppearanceCharacteristicsDictionary.getColor(COSName)"
"10","5","org.apache.pdfbox.pdmodel.interactive.annotation.PDAppearanceEntry.getSubDictionary()"
"24","9","org.apache.pdfbox.pdmodel.interactive.annotation.layout.PlainTextFormatter.format()"
"34","10","org.apache.pdfbox.pdmodel.interactive.annotation.layout.PlainTextFormatter.processLines(Line,boolean)"
"31","5","org.apache.pdfbox.pdmodel.interactive.annotation.layout.PlainText.Paragraph.getLines(PDFont,float,float)"
"40","22","org.apache.pdfbox.pdmodel.interactive.annotation.PDAnnotation.createAnnotation(COSBase)"
"9","7","org.apache.pdfbox.pdmodel.interactive.annotation.PDAnnotation.getRectangle()"
"12","7","org.apache.pdfbox.pdmodel.interactive.annotation.PDAnnotation.getNormalAppearanceStream()"
"18","6","org.apache.pdfbox.pdmodel.interactive.annotation.PDAnnotation.getColor(COSName)"
"9","5","org.apache.pdfbox.pdmodel.interactive.annotation.PDAnnotationMarkup.getRichContents()"
"13","5","org.apache.pdfbox.pdmodel.interactive.annotation.PDAnnotationMarkup.getInkList()"
"13","5","org.apache.pdfbox.pdmodel.interactive.annotation.PDAnnotationMarkup.getPath()"
"24","9","org.apache.pdfbox.pdmodel.interactive.annotation.PDAnnotationMarkup.constructAppearances(PDDocument)"
"25","12","org.apache.pdfbox.pdmodel.interactive.annotation.handlers.AnnotationBorder.getAnnotationBorder(PDAnnotation,PDBorderStyleDictionary)"
"90","22","org.apache.pdfbox.pdmodel.interactive.annotation.handlers.PDHighlightAppearanceHandler.generateNormalAppearance()"
"72","10","org.apache.pdfbox.pdmodel.interactive.annotation.handlers.PDSquigglyAppearanceHandler.generateNormalAppearance()"
"84","22","org.apache.pdfbox.pdmodel.interactive.annotation.handlers.PDPolylineAppearanceHandler.generateNormalAppearance()"
"11","6","org.apache.pdfbox.pdmodel.interactive.annotation.handlers.PDPolylineAppearanceHandler.getLineWidth()"
"64","21","org.apache.pdfbox.pdmodel.interactive.annotation.handlers.PDTextAppearanceHandler.generateNormalAppearance()"
"38","7","org.apache.pdfbox.pdmodel.interactive.annotation.handlers.PDTextAppearanceHandler.addPath(PDAppearanceContentStream,GeneralPath)"
"27","10","org.apache.pdfbox.pdmodel.interactive.annotation.handlers.PDInkAppearanceHandler.generateNormalAppearance()"
"48","12","org.apache.pdfbox.pdmodel.interactive.annotation.handlers.PDLinkAppearanceHandler.generateNormalAppearance()"
"11","6","org.apache.pdfbox.pdmodel.interactive.annotation.handlers.PDLinkAppearanceHandler.getLineWidth()"
"19","5","org.apache.pdfbox.pdmodel.interactive.annotation.handlers.CloudyBorder.cloudyRectangleImpl(double,double,double,double,boolean)"
"60","17","org.apache.pdfbox.pdmodel.interactive.annotation.handlers.CloudyBorder.cloudyPolygonImpl(Point2D.Double[],boolean)"
"13","5","org.apache.pdfbox.pdmodel.interactive.annotation.handlers.CloudyBorder.computeParamsPolygon(double,double,double,double,double,double[])"
"20","6","org.apache.pdfbox.pdmodel.interactive.annotation.handlers.CloudyBorder.getArc(double,double,double,double,double,double,Point2D.Double,boolean)"
"35","8","org.apache.pdfbox.pdmodel.interactive.annotation.handlers.CloudyBorder.getArcSegment(double,double,double,double,double,double,Point2D.Double,boolean)"
"20","6","org.apache.pdfbox.pdmodel.interactive.annotation.handlers.CloudyBorder.flattenEllipse(double,double,double,double)"
"104","31","org.apache.pdfbox.pdmodel.interactive.annotation.handlers.CloudyBorder.cloudyEllipseImpl(double,double,double,double)"
"7","5","org.apache.pdfbox.pdmodel.interactive.annotation.handlers.CloudyBorder.computeParamsEllipse(Point2D.Double,Point2D.Double,double,double)"
"22","10","org.apache.pdfbox.pdmodel.interactive.annotation.handlers.CloudyBorder.removeZeroLengthSegments(Point2D.Double[])"
"55","13","org.apache.pdfbox.pdmodel.interactive.annotation.handlers.PDStrikeoutAppearanceHandler.generateNormalAppearance()"
"11","6","org.apache.pdfbox.pdmodel.interactive.annotation.handlers.PDSquareAppearanceHandler.getLineWidth()"
"148","36","org.apache.pdfbox.pdmodel.interactive.annotation.handlers.PDFreeTextAppearanceHandler.generateNormalAppearance()"
"35","14","org.apache.pdfbox.pdmodel.interactive.annotation.handlers.PDFreeTextAppearanceHandler.extractNonStrokingColor(PDAnnotationMarkup)"
"30","14","org.apache.pdfbox.pdmodel.interactive.annotation.handlers.PDFreeTextAppearanceHandler.extractFontDetails(PDAnnotationMarkup)"
"55","13","org.apache.pdfbox.pdmodel.interactive.annotation.handlers.PDPolygonAppearanceHandler.generateNormalAppearance()"
"12","5","org.apache.pdfbox.pdmodel.interactive.annotation.handlers.PDPolygonAppearanceHandler.getPathArray(PDAnnotationMarkup)"
"11","6","org.apache.pdfbox.pdmodel.interactive.annotation.handlers.PDPolygonAppearanceHandler.getLineWidth()"
"27","14","org.apache.pdfbox.pdmodel.interactive.annotation.handlers.PDAbstractAppearanceHandler.drawStyle(String,PDAppearanceContentStream,float,float,float,boolean,boolean,boolean)"
"11","6","org.apache.pdfbox.pdmodel.interactive.annotation.handlers.PDCircleAppearanceHandler.getLineWidth()"
"128","27","org.apache.pdfbox.pdmodel.interactive.annotation.handlers.PDLineAppearanceHandler.generateNormalAppearance()"
"55","13","org.apache.pdfbox.pdmodel.interactive.annotation.handlers.PDUnderlineAppearanceHandler.generateNormalAppearance()"
"18","7","org.apache.pdfbox.pdmodel.interactive.annotation.PDAnnotationTextMarkup.constructAppearances(PDDocument)"
"16","6","org.apache.pdfbox.pdmodel.interactive.action.PDActionLaunch.setOpenInNewWindow(OpenMode)"
"9","5","org.apache.pdfbox.pdmodel.interactive.action.PDActionGoTo.setDestination(PDDestination)"
"8","5","org.apache.pdfbox.pdmodel.interactive.action.PDActionSound.getVolume()"
"11","10","org.apache.pdfbox.pdmodel.interactive.action.PDActionURI.getURI()"
"16","6","org.apache.pdfbox.pdmodel.interactive.action.PDActionRemoteGoTo.setOpenInNewWindow(OpenMode)"
"9","5","org.apache.pdfbox.pdmodel.interactive.action.PDActionEmbeddedGoTo.setDestination(PDDestination)"
"16","6","org.apache.pdfbox.pdmodel.interactive.action.PDActionEmbeddedGoTo.setOpenInNewWindow(OpenMode)"
"9","5","org.apache.pdfbox.pdmodel.interactive.action.PDActionJavaScript.getAction()"
"46","16","org.apache.pdfbox.pdmodel.interactive.action.PDActionFactory.createAction(COSDictionary)"
"33","17","org.apache.pdfbox.pdmodel.interactive.documentnavigation.destination.PDDestination.create(COSBase)"
"14","6","org.apache.pdfbox.pdmodel.interactive.documentnavigation.destination.PDPageDestination.findPageNumber()"
"10","5","org.apache.pdfbox.pdmodel.interactive.documentnavigation.destination.PDPageDestination.retrievePageNumber()"
"8","5","org.apache.pdfbox.pdmodel.interactive.documentnavigation.destination.PDPageDestination.indexOfPageTree(COSDictionary)"
"24","12","org.apache.pdfbox.pdmodel.interactive.documentnavigation.outline.PDOutlineItem.findDestinationPage(PDDocument)"
"8","5","org.apache.pdfbox.pdmodel.interactive.documentnavigation.outline.PDOutlineNode.getParent()"
"10","6","org.apache.pdfbox.pdmodel.font.TrueTypeEmbedder.isEmbeddingPermitted(TrueTypeFont)"
"52","11","org.apache.pdfbox.pdmodel.font.TrueTypeEmbedder.createFontDescriptor(TrueTypeFont)"
"25","5","org.apache.pdfbox.pdmodel.font.TrueTypeEmbedder.subset()"
"6","7","org.apache.pdfbox.pdmodel.font.ToUnicodeWriter.add(int,String)"
"56","10","org.apache.pdfbox.pdmodel.font.ToUnicodeWriter.writeTo(OutputStream)"
"25","5","org.apache.pdfbox.pdmodel.font.PDType1Font.PDType1Font(String)"
"44","13","org.apache.pdfbox.pdmodel.font.PDType1Font.PDType1Font(COSDictionary)"
"12","9","org.apache.pdfbox.pdmodel.font.PDType1Font.repairLength1(int[],int)"
"10","11","org.apache.pdfbox.pdmodel.font.PDType1Font.findBinaryOffsetAfterExec(int[],int)"
"21","13","org.apache.pdfbox.pdmodel.font.PDType1Font.encode(int)"
"8","6","org.apache.pdfbox.pdmodel.font.PDType1Font.readEncodingFromFont()"
"6","8","org.apache.pdfbox.pdmodel.font.PDType1Font.generateBoundingBox()"
"18","16","org.apache.pdfbox.pdmodel.font.PDType1Font.getNameInFont(String)"
"11","6","org.apache.pdfbox.pdmodel.font.PDType1Font.getFontMatrix()"
"14","7","org.apache.pdfbox.pdmodel.font.PDType0Font.PDType0Font(COSDictionary)"
"20","13","org.apache.pdfbox.pdmodel.font.PDType0Font.readEncoding()"
"13","8","org.apache.pdfbox.pdmodel.font.PDType0Font.fetchCMapUCS2()"
"13","9","org.apache.pdfbox.pdmodel.font.PDType0Font.toUnicode(int)"
"20","5","org.apache.pdfbox.pdmodel.font.PDTrueTypeFontEmbedder.setWidths(COSDictionary,GlyphList)"
"29","11","org.apache.pdfbox.pdmodel.font.PDSimpleFont.readEncoding()"
"26","22","org.apache.pdfbox.pdmodel.font.PDSimpleFont.isFontSymbolic()"
"22","10","org.apache.pdfbox.pdmodel.font.PDSimpleFont.toUnicode(int,GlyphList)"
"7","6","org.apache.pdfbox.pdmodel.font.PDSimpleFont.getStandard14Width(int)"
"9","6","org.apache.pdfbox.pdmodel.font.PDSimpleFont.isStandard14()"
"6","5","org.apache.pdfbox.pdmodel.font.PDSimpleFont.hasExplicitWidth(int)"
"25","6","org.apache.pdfbox.pdmodel.font.PDCIDFont.readWidths()"
"33","9","org.apache.pdfbox.pdmodel.font.PDCIDFont.readVerticalDisplacements()"
"13","7","org.apache.pdfbox.pdmodel.font.PDCIDFont.getAverageFontWidth()"
"20","11","org.apache.pdfbox.pdmodel.font.PDType3CharProc.getGlyphBBox()"
"14","6","org.apache.pdfbox.pdmodel.font.PDType3CharProc.getWidth()"
"8","7","org.apache.pdfbox.pdmodel.font.PDType3CharProc.parseWidth(Operator,COSBase)"
"27","7","org.apache.pdfbox.pdmodel.font.FontMapperImpl.FontMapperImpl()"
"44","19","org.apache.pdfbox.pdmodel.font.FontMapperImpl.getFallbackFontName(PDFontDescriptor)"
"11","7","org.apache.pdfbox.pdmodel.font.FontMapperImpl.findFontBoxFont(String)"
"22","15","org.apache.pdfbox.pdmodel.font.FontMapperImpl.findFont(FontFormat,String)"
"7","5","org.apache.pdfbox.pdmodel.font.FontMapperImpl.getFont(FontFormat,String)"
"20","15","org.apache.pdfbox.pdmodel.font.FontMapperImpl.getCIDFont(String,PDFontDescriptor,PDCIDSystemInfo)"
"38","28","org.apache.pdfbox.pdmodel.font.FontMapperImpl.getFontMatches(PDFontDescriptor,PDCIDSystemInfo)"
"8","6","org.apache.pdfbox.pdmodel.font.FontMapperImpl.probablyBarcodeFont(PDFontDescriptor)"
"20","15","org.apache.pdfbox.pdmodel.font.FontMapperImpl.isCharSetMatch(PDCIDSystemInfo,FontInfo)"
"37","10","org.apache.pdfbox.pdmodel.font.PDCIDFontType2.PDCIDFontType2(COSDictionary,PDType0Font,TrueTypeFont)"
"6","8","org.apache.pdfbox.pdmodel.font.PDCIDFontType2.generateBoundingBox()"
"29","16","org.apache.pdfbox.pdmodel.font.PDCIDFontType2.codeToGID(int)"
"16","8","org.apache.pdfbox.pdmodel.font.PDCIDFontType2.encode(int)"
"11","6","org.apache.pdfbox.pdmodel.font.PDCIDFontType2.getPath(int)"
"34","22","org.apache.pdfbox.pdmodel.font.PDFontFactory.createFont(COSDictionary,ResourceCache)"
"12","8","org.apache.pdfbox.pdmodel.font.PDFontFactory.createDescendantFont(COSDictionary,PDType0Font)"
"23","14","org.apache.pdfbox.pdmodel.font.encoding.GlyphList.loadList(InputStream)"
"35","19","org.apache.pdfbox.pdmodel.font.encoding.GlyphList.toUnicode(String)"
"19","6","org.apache.pdfbox.pdmodel.font.encoding.DictionaryEncoding.DictionaryEncoding(COSDictionary,boolean,Encoding)"
"16","6","org.apache.pdfbox.pdmodel.font.encoding.DictionaryEncoding.applyDifferences()"
"14","9","org.apache.pdfbox.pdmodel.font.encoding.Encoding.getInstance(COSName)"
"11","7","org.apache.pdfbox.pdmodel.font.UniUtil.getUniNameOfCodePoint(int)"
"25","7","org.apache.pdfbox.pdmodel.font.PDTrueTypeFont.PDTrueTypeFont(COSDictionary)"
"21","15","org.apache.pdfbox.pdmodel.font.PDTrueTypeFont.readEncodingFromFont()"
"21","12","org.apache.pdfbox.pdmodel.font.PDTrueTypeFont.encode(int)"
"9","5","org.apache.pdfbox.pdmodel.font.PDTrueTypeFont.getGIDToCode()"
"15","8","org.apache.pdfbox.pdmodel.font.PDTrueTypeFont.getPath(String)"
"40","24","org.apache.pdfbox.pdmodel.font.PDTrueTypeFont.codeToGID(int)"
"17","10","org.apache.pdfbox.pdmodel.font.PDTrueTypeFont.extractCmapTable()"
"9","5","org.apache.pdfbox.pdmodel.font.PDFont.loadFontDescriptor()"
"16","12","org.apache.pdfbox.pdmodel.font.PDFont.loadUnicodeCmap()"
"13","6","org.apache.pdfbox.pdmodel.font.PDFont.readCMap(COSBase)"
"27","15","org.apache.pdfbox.pdmodel.font.PDFont.getWidth(int)"
"20","6","org.apache.pdfbox.pdmodel.font.PDFont.getAverageFontWidth()"
"7","8","org.apache.pdfbox.pdmodel.font.PDFont.toUnicode(int)"
"17","8","org.apache.pdfbox.pdmodel.font.PDFont.getSpaceWidth()"
"21","8","org.apache.pdfbox.pdmodel.font.FileSystemFontProvider.FSFontInfo.getFont()"
"10","5","org.apache.pdfbox.pdmodel.font.FileSystemFontProvider.FSFontInfo.getTrueTypeFont(String,File)"
"11","5","org.apache.pdfbox.pdmodel.font.FileSystemFontProvider.FSFontInfo.readTrueTypeFont(String,File)"
"21","7","org.apache.pdfbox.pdmodel.font.FileSystemFontProvider.FileSystemFontProvider(FontCache)"
"12","8","org.apache.pdfbox.pdmodel.font.FileSystemFontProvider.scanFonts(File)"
"7","7","org.apache.pdfbox.pdmodel.font.FileSystemFontProvider.getDiskCacheFile()"
"43","12","org.apache.pdfbox.pdmodel.font.FileSystemFontProvider.saveDiskCache()"
"64","17","org.apache.pdfbox.pdmodel.font.FileSystemFontProvider.loadDiskCache(File)"
"57","14","org.apache.pdfbox.pdmodel.font.FileSystemFontProvider.addTrueTypeFontImpl(TrueTypeFont,File)"
"14","6","org.apache.pdfbox.pdmodel.font.FileSystemFontProvider.addType1Font(File)"
"54","13","org.apache.pdfbox.pdmodel.font.PDCIDFontType0.PDCIDFontType0(COSDictionary,PDType0Font)"
"14","7","org.apache.pdfbox.pdmodel.font.PDCIDFontType0.getFontMatrix()"
"11","11","org.apache.pdfbox.pdmodel.font.PDCIDFontType0.generateBoundingBox()"
"8","5","org.apache.pdfbox.pdmodel.font.PDCIDFontType0.getCFFFont()"
"8","5","org.apache.pdfbox.pdmodel.font.PDCIDFontType0.getType2CharString(int)"
"12","8","org.apache.pdfbox.pdmodel.font.PDCIDFontType0.getPath(int)"
"10","6","org.apache.pdfbox.pdmodel.font.PDCIDFontType0.hasGlyph(int)"
"27","23","org.apache.pdfbox.pdmodel.font.FontInfo.getWeightClassAsPanose()"
"12","8","org.apache.pdfbox.pdmodel.font.PDType3Font.getWidth(int)"
"5","5","org.apache.pdfbox.pdmodel.font.PDType3Font.getWidthFromFont(int)"
"17","8","org.apache.pdfbox.pdmodel.font.PDType3Font.getHeight(int)"
"17","9","org.apache.pdfbox.pdmodel.font.PDType3Font.generateBoundingBox()"
"33","8","org.apache.pdfbox.pdmodel.font.PDType1CFont.PDType1CFont(COSDictionary)"
"5","5","org.apache.pdfbox.pdmodel.font.PDType1CFont.getPath(String)"
"6","8","org.apache.pdfbox.pdmodel.font.PDType1CFont.generateBoundingBox()"
"8","6","org.apache.pdfbox.pdmodel.font.PDType1CFont.readEncodingFromFont()"
"11","6","org.apache.pdfbox.pdmodel.font.PDType1CFont.getFontMatrix()"
"10","6","org.apache.pdfbox.pdmodel.font.PDType1CFont.encode(int)"
"10","8","org.apache.pdfbox.pdmodel.font.PDType1CFont.getNameInFont(String)"
"27","8","org.apache.pdfbox.pdmodel.font.PDCIDFontType2Embedder.buildToUnicodeCMap(Integer)"
"14","5","org.apache.pdfbox.pdmodel.font.PDCIDFontType2Embedder.buildVerticalHeader(COSDictionary)"
"32","8","org.apache.pdfbox.pdmodel.font.PDCIDFontType2Embedder.buildVerticalMetrics(Integer)"
"66","18","org.apache.pdfbox.pdmodel.font.PDCIDFontType2Embedder.getWidths(COSArray[])"
"15","5","org.apache.pdfbox.pdmodel.font.PDCIDFontType2Embedder.buildVerticalMetrics(COSDictionary)"
"90","25","org.apache.pdfbox.pdmodel.font.PDCIDFontType2Embedder.getVerticalMetrics(COSArray[])"
"9","5","org.apache.pdfbox.pdmodel.PDDocumentCatalog.getOpenAction()"
"13","5","org.apache.pdfbox.pdmodel.PDDocumentCatalog.findNamedDestinationPage(PDNamedDestination)"
"8","5","org.apache.pdfbox.pdmodel.PDDocumentCatalog.getPageMode()"
"7","5","org.apache.pdfbox.pdmodel.graphics.form.PDFormXObject.getResources()"
"21","16","org.apache.pdfbox.pdmodel.graphics.PDXObject.createXObject(COSBase,PDResources)"
"78","56","org.apache.pdfbox.pdmodel.graphics.color.PDColorSpace.create(COSBase,PDResources,boolean)"
"12","8","org.apache.pdfbox.pdmodel.graphics.color.PDColorSpace.createFromCOSObject(COSObject,PDResources)"
"13","7","org.apache.pdfbox.pdmodel.graphics.color.PDCalGray.toRGB(Override[][])"
"14","11","org.apache.pdfbox.pdmodel.graphics.color.PDICCBased.create(COSArray,PDResources)"
"5","5","org.apache.pdfbox.pdmodel.graphics.color.PDICCBased.checkArray(COSArray)"
"39","12","org.apache.pdfbox.pdmodel.graphics.color.PDICCBased.loadICCProfile()"
"7","5","org.apache.pdfbox.pdmodel.graphics.color.PDICCBased.toRGB(Override[][])"
"30","9","org.apache.pdfbox.pdmodel.graphics.color.PDICCBased.getAlternateColorSpace()"
"12","9","org.apache.pdfbox.pdmodel.graphics.color.PDICCBased.getColorSpaceType()"
"10","6","org.apache.pdfbox.pdmodel.graphics.color.PDICCBased.isMinJdk8()"
"21","6","org.apache.pdfbox.pdmodel.graphics.color.PDSeparation.toRGBImage(WritableRaster)"
"24","9","org.apache.pdfbox.pdmodel.graphics.color.PDDeviceN.initColorConversionCache()"
"44","10","org.apache.pdfbox.pdmodel.graphics.color.PDDeviceN.toRGBWithAttributes(WritableRaster)"
"29","7","org.apache.pdfbox.pdmodel.graphics.color.PDDeviceN.toRGBWithTintTransform(WritableRaster)"
"23","6","org.apache.pdfbox.pdmodel.graphics.color.PDDeviceN.toRGBWithAttributes(value[][])"
"12","7","org.apache.pdfbox.pdmodel.graphics.color.PDDeviceCMYK.init()"
"26","8","org.apache.pdfbox.pdmodel.graphics.color.PDDeviceCMYK.toRGBImageAWT(WritableRaster,ColorSpace)"
"25","5","org.apache.pdfbox.pdmodel.graphics.color.PDCalRGB.toRGB(Override[][])"
"8","5","org.apache.pdfbox.pdmodel.graphics.color.PDDeviceRGB.init()"
"12","5","org.apache.pdfbox.pdmodel.graphics.color.PDColor.PDColor(COSArray,PDColorSpace)"
"17","6","org.apache.pdfbox.pdmodel.graphics.color.PDIndexed.initRgbColorTable()"
"14","6","org.apache.pdfbox.pdmodel.graphics.color.PDIndexed.getLookupData()"
"13","7","org.apache.pdfbox.pdmodel.graphics.state.PDSoftMask.create(COSBase)"
"72","26","org.apache.pdfbox.pdmodel.graphics.state.PDExtendedGraphicsState.copyIntoGraphicsState(PDGraphicsState)"
"9","5","org.apache.pdfbox.pdmodel.graphics.state.PDExtendedGraphicsState.getLineDashPattern()"
"35","26","org.apache.pdfbox.pdmodel.graphics.shading.TensorPatch.calcLevel()"
"27","6","org.apache.pdfbox.pdmodel.graphics.shading.TensorPatch.getPatchCoordinatesColor()"
"43","15","org.apache.pdfbox.pdmodel.graphics.shading.Type5ShadingContext.collectTriangles(PDShadingType5,AffineTransform,Matrix)"
"28","9","org.apache.pdfbox.pdmodel.graphics.shading.PDShading.create(COSDictionary)"
"16","6","org.apache.pdfbox.pdmodel.graphics.shading.PDShading.getFunctionsArray()"
"18","6","org.apache.pdfbox.pdmodel.graphics.shading.PDShading.evalFunction(inputValue[][])"
"22","8","org.apache.pdfbox.pdmodel.graphics.shading.Patch.getShadedTriangles(CoordinateColorPair[][])"
"15","11","org.apache.pdfbox.pdmodel.graphics.shading.ShadedTriangle.contains(Point2D)"
"19","6","org.apache.pdfbox.pdmodel.graphics.shading.ShadedTriangle.calcColor(Point2D)"
"11","9","org.apache.pdfbox.pdmodel.graphics.shading.IntPoint.equals(Object)"
"56","17","org.apache.pdfbox.pdmodel.graphics.shading.PatchMeshesShadingContext.collectPatches(PDShadingType6,AffineTransform,Matrix,int)"
"31","8","org.apache.pdfbox.pdmodel.graphics.shading.PatchMeshesShadingContext.readPatch(ImageInputStream,boolean,Point2D[],Point2D[][][],long,long,PDRange,PDRange,PDRange[],Matrix,AffineTransform,int)"
"30","12","org.apache.pdfbox.pdmodel.graphics.shading.Type1ShadingContext.getRaster(int,int,int,int)"
"68","26","org.apache.pdfbox.pdmodel.graphics.shading.RadialShadingContext.getRaster(int,int,int,int)"
"63","18","org.apache.pdfbox.pdmodel.graphics.shading.Type4ShadingContext.collectTriangles(PDShadingType4,AffineTransform,Matrix)"
"25","17","org.apache.pdfbox.pdmodel.graphics.shading.CoonsPatch.calcLevel()"
"30","10","org.apache.pdfbox.pdmodel.graphics.shading.TriangleBasedShadingContext.calcPixelTable(ShadedTriangle,Integer,Rectangle)"
"24","7","org.apache.pdfbox.pdmodel.graphics.shading.TriangleBasedShadingContext.getRaster(int,int,int,int)"
"46","12","org.apache.pdfbox.pdmodel.graphics.shading.AxialShadingContext.getRaster(int,int,int,int)"
"19","8","org.apache.pdfbox.pdmodel.graphics.shading.Line.calcLine(int,int,int,int)"
"15","7","org.apache.pdfbox.pdmodel.graphics.shading.Line.calcColor(Point)"
"29","6","org.apache.pdfbox.pdmodel.graphics.image.JPEGFactory.createFromByteArray(PDDocument,PDDocument[])"
"30","10","org.apache.pdfbox.pdmodel.graphics.image.JPEGFactory.retrieveDimensions(ByteArrayInputStream)"
"18","11","org.apache.pdfbox.pdmodel.graphics.image.JPEGFactory.getNumComponentsFromImageMetadata(ImageReader)"
"11","7","org.apache.pdfbox.pdmodel.graphics.image.JPEGFactory.getAlphaImage(BufferedImage)"
"12","7","org.apache.pdfbox.pdmodel.graphics.image.JPEGFactory.getJPEGImageWriter()"
"15","13","org.apache.pdfbox.pdmodel.graphics.image.JPEGFactory.getColorSpaceFromAWT(BufferedImage)"
"7","5","org.apache.pdfbox.pdmodel.graphics.image.JPEGFactory.getColorImage(BufferedImage)"
"41","11","org.apache.pdfbox.pdmodel.graphics.image.SampledImageReader.getStencilImage(PDImage,Paint)"
"21","19","org.apache.pdfbox.pdmodel.graphics.image.SampledImageReader.getRGBImage(PDImage,Rectangle,int,COSArray)"
"74","21","org.apache.pdfbox.pdmodel.graphics.image.SampledImageReader.from1Bit(PDImage,Rectangle,int,int,int)"
"46","16","org.apache.pdfbox.pdmodel.graphics.image.SampledImageReader.from8bit(PDImage,WritableRaster,Rectangle,int,int,int)"
"69","20","org.apache.pdfbox.pdmodel.graphics.image.SampledImageReader.fromAny(PDImage,WritableRaster,COSArray,Rectangle,int,int,int)"
"18","14","org.apache.pdfbox.pdmodel.graphics.image.SampledImageReader.getDecodeArray(PDImage)"
"15","11","org.apache.pdfbox.pdmodel.graphics.image.LosslessFactory.createFromImage(PDDocument,BufferedImage)"
"8","9","org.apache.pdfbox.pdmodel.graphics.image.LosslessFactory.isGrayImage(BufferedImage)"
"16","5","org.apache.pdfbox.pdmodel.graphics.image.LosslessFactory.createFromGrayImage(BufferedImage,PDDocument)"
"38","12","org.apache.pdfbox.pdmodel.graphics.image.LosslessFactory.createFromRGBImage(BufferedImage,PDDocument)"
"101","18","org.apache.pdfbox.pdmodel.graphics.image.LosslessFactory.PredictorEncoder.encode()"
"26","5","org.apache.pdfbox.pdmodel.graphics.image.LosslessFactory.PredictorEncoder.copyIntToBytes(bytesPerComponent[],int,int[],int[][],int)"
"27","8","org.apache.pdfbox.pdmodel.graphics.image.LosslessFactory.PredictorEncoder.preparePredictorPDImage(ByteArrayOutputStream,int)"
"19","5","org.apache.pdfbox.pdmodel.graphics.image.LosslessFactory.PredictorEncoder.chooseDataRowToWrite()"
"19","5","org.apache.pdfbox.pdmodel.graphics.image.PDInlineImage.PDInlineImage(COSDictionary,COSDictionary[],PDResources)"
"9","6","org.apache.pdfbox.pdmodel.graphics.image.PDInlineImage.getColorSpace()"
"8","7","org.apache.pdfbox.pdmodel.graphics.image.PDInlineImage.toLongName(COSBase)"
"14","10","org.apache.pdfbox.pdmodel.graphics.image.PDInlineImage.createColorSpace(COSBase)"
"18","14","org.apache.pdfbox.pdmodel.graphics.image.PDImageXObject.createFromFileByExtension(File,PDDocument)"
"28","15","org.apache.pdfbox.pdmodel.graphics.image.PDImageXObject.createFromFileByContent(File,PDDocument)"
"23","18","org.apache.pdfbox.pdmodel.graphics.image.PDImageXObject.createFromByteArray(PDDocument,PDDocument[],String)"
"18","11","org.apache.pdfbox.pdmodel.graphics.image.PDImageXObject.getImage(Rectangle,int)"
"39","13","org.apache.pdfbox.pdmodel.graphics.image.PDImageXObject.applyMask(BufferedImage,BufferedImage,boolean,boolean[])"
"9","5","org.apache.pdfbox.pdmodel.graphics.image.PDImageXObject.getMask()"
"19","12","org.apache.pdfbox.pdmodel.graphics.image.PDImageXObject.getColorSpace()"
"22","15","org.apache.pdfbox.pdmodel.graphics.image.PDImageXObject.getSuffix()"
"48","28","org.apache.pdfbox.pdmodel.graphics.image.PNGConverter.convertPng(PDDocument,PNGConverterState)"
"22","12","org.apache.pdfbox.pdmodel.graphics.image.PNGConverter.buildIndexImage(PDDocument,PNGConverterState)"
"59","27","org.apache.pdfbox.pdmodel.graphics.image.PNGConverter.buildImageObject(PDDocument,PNGConverterState)"
"8","5","org.apache.pdfbox.pdmodel.graphics.image.PNGConverter.MultipleInputStream.read(int[],int,int)"
"19","5","org.apache.pdfbox.pdmodel.graphics.image.PNGConverter.mapPNGRenderIntent(int)"
"32","23","org.apache.pdfbox.pdmodel.graphics.image.PNGConverter.checkConverterState(PNGConverterState)"
"12","9","org.apache.pdfbox.pdmodel.graphics.image.PNGConverter.checkChunkSane(Chunk)"
"83","33","org.apache.pdfbox.pdmodel.graphics.image.PNGConverter.parsePNGChunks(PNGConverterState[])"
"15","7","org.apache.pdfbox.pdmodel.graphics.image.CCITTFactory.createFromImage(PDDocument,BufferedImage)"
"110","50","org.apache.pdfbox.pdmodel.graphics.image.CCITTFactory.extractFromTiff(RandomAccess,OutputStream,COSDictionary,int)"
"6","5","org.apache.pdfbox.pdmodel.graphics.blend.BlendMode.SeparableBlendMode$1.blendChannel(float,float)"
"6","5","org.apache.pdfbox.pdmodel.graphics.blend.BlendMode.SeparableBlendMode$1.blendChannel(float,float)"
"14","7","org.apache.pdfbox.pdmodel.graphics.blend.BlendMode.getInstance(COSBase)"
"52","6","org.apache.pdfbox.pdmodel.graphics.blend.BlendMode.getSaturationRGB(val[],val[][],val[][][])"
"33","5","org.apache.pdfbox.pdmodel.graphics.blend.BlendMode.getLuminosityRGB(b[],b[][],b[][][])"
"12","5","org.apache.pdfbox.pdmodel.graphics.blend.BlendComposite.getInstance(BlendMode,float)"
"91","21","org.apache.pdfbox.pdmodel.graphics.blend.BlendComposite.BlendCompositeContext.compose(Raster,Raster,WritableRaster)"
"19","11","org.apache.pdfbox.pdmodel.graphics.optionalcontent.PDOptionalContentProperties.isGroupEnabled(PDOptionalContentGroup)"
"39","10","org.apache.pdfbox.pdmodel.graphics.optionalcontent.PDOptionalContentProperties.setGroupEnabled(PDOptionalContentGroup,boolean)"
"15","9","org.apache.pdfbox.pdmodel.graphics.optionalcontent.PDOptionalContentGroup.getRenderState(RenderDestination)"
"13","5","org.apache.pdfbox.pdmodel.graphics.optionalcontent.PDOptionalContentMembershipDictionary.getOCGs()"
"23","13","org.apache.pdfbox.pdmodel.PDResources.getFont(COSName)"
"15","8","org.apache.pdfbox.pdmodel.PDResources.getColorSpace(COSName,boolean)"
"13","7","org.apache.pdfbox.pdmodel.PDResources.getExtGState(COSName)"
"13","7","org.apache.pdfbox.pdmodel.PDResources.getShading(COSName)"
"13","7","org.apache.pdfbox.pdmodel.PDResources.getPattern(COSName)"
"13","7","org.apache.pdfbox.pdmodel.PDResources.getProperties(COSName)"
"11","6","org.apache.pdfbox.pdmodel.PDResources.isImageXObject(COSName)"
"18","9","org.apache.pdfbox.pdmodel.PDResources.getXObject(COSName)"
"14","14","org.apache.pdfbox.pdmodel.PDResources.isAllowedCache(PDXObject)"
"8","5","org.apache.pdfbox.pdmodel.PDResources.getIndirect(COSName,COSName)"
"11","10","org.apache.pdfbox.pdmodel.PDResources.add(COSName,String,COSObjectable)"
"123","55","org.apache.pdfbox.pdfparser.PDFStreamParser.parseNextToken()"
"29","33","org.apache.pdfbox.pdfparser.PDFStreamParser.hasNoFollowingBinData(SequentialSource)"
"12","13","org.apache.pdfbox.pdfparser.PDFStreamParser.readOperator()"
"17","8","org.apache.pdfbox.pdfparser.PDFParser.initialParse()"
"11","7","org.apache.pdfbox.pdfparser.PDFParser.parse()"
"28","9","org.apache.pdfbox.pdfparser.PDFObjectStreamParser.parse()"
"22","10","org.apache.pdfbox.pdfparser.COSParser.retrieveTrailer()"
"61","24","org.apache.pdfbox.pdfparser.COSParser.parseXref(long)"
"28","10","org.apache.pdfbox.pdfparser.COSParser.getStartxrefOffset()"
"15","6","org.apache.pdfbox.pdfparser.COSParser.lastIndexOf(int[],int[][],int)"
"9","6","org.apache.pdfbox.pdfparser.COSParser.addNewToList(COSBase,COSBase,Long)"
"68","30","org.apache.pdfbox.pdfparser.COSParser.parseDictObjects(COSDictionary,COSName)"
"31","19","org.apache.pdfbox.pdfparser.COSParser.parseObjectDynamically(long,int,boolean)"
"34","15","org.apache.pdfbox.pdfparser.COSParser.parseFileObject(Long,COSObjectKey,COSObject)"
"24","13","org.apache.pdfbox.pdfparser.COSParser.parseObjectStream(int)"
"27","13","org.apache.pdfbox.pdfparser.COSParser.getLength(COSBase,COSName)"
"35","14","org.apache.pdfbox.pdfparser.COSParser.parseCOSStream(COSDictionary)"
"37","16","org.apache.pdfbox.pdfparser.COSParser.readUntilEndStream(OutputStream)"
"9","5","org.apache.pdfbox.pdfparser.COSParser.readValidStream(OutputStream,COSNumber)"
"13","10","org.apache.pdfbox.pdfparser.COSParser.checkXRefOffset(long)"
"18","9","org.apache.pdfbox.pdfparser.COSParser.checkXRefStreamOffset(long)"
"10","5","org.apache.pdfbox.pdfparser.COSParser.calculateXRefFixedOffset(long,boolean)"
"10","8","org.apache.pdfbox.pdfparser.COSParser.validateXrefOffsets(Long)"
"10","6","org.apache.pdfbox.pdfparser.COSParser.checkXrefOffsets()"
"17","8","org.apache.pdfbox.pdfparser.COSParser.checkObjectKey(COSObjectKey,long)"
"55","21","org.apache.pdfbox.pdfparser.COSParser.bfSearchForObjects()"
"29","10","org.apache.pdfbox.pdfparser.COSParser.bfSearchForXRef(long,boolean)"
"13","5","org.apache.pdfbox.pdfparser.COSParser.searchNearestValue(Long,long)"
"70","26","org.apache.pdfbox.pdfparser.COSParser.bfSearchForTrailer(COSDictionary)"
"18","7","org.apache.pdfbox.pdfparser.COSParser.bfSearchForLastEOFMarker()"
"99","31","org.apache.pdfbox.pdfparser.COSParser.bfSearchForObjStreams()"
"14","5","org.apache.pdfbox.pdfparser.COSParser.bfSearchForXRefTables()"
"44","15","org.apache.pdfbox.pdfparser.COSParser.bfSearchForXRefStreams()"
"21","6","org.apache.pdfbox.pdfparser.COSParser.rebuildTrailer()"
"13","5","org.apache.pdfbox.pdfparser.COSParser.searchForTrailerItems(COSDictionary)"
"20","7","org.apache.pdfbox.pdfparser.COSParser.retrieveCOSDictionary(COSObjectKey,long)"
"27","10","org.apache.pdfbox.pdfparser.COSParser.checkPagesDictionary(COSDictionary,COSObject)"
"6","14","org.apache.pdfbox.pdfparser.COSParser.isInfo(COSDictionary)"
"24","10","org.apache.pdfbox.pdfparser.COSParser.parseTrailer()"
"36","16","org.apache.pdfbox.pdfparser.COSParser.parseHeader(String,String)"
"56","25","org.apache.pdfbox.pdfparser.COSParser.parseXrefTable(long)"
"9","5","org.apache.pdfbox.pdfparser.COSParser.parseTrailerValuesDynamically(COSDictionary)"
"27","13","org.apache.pdfbox.pdfparser.COSParser.prepareDecryption()"
"10","6","org.apache.pdfbox.pdfparser.COSParser.parseDictionaryRecursive(COSObject)"
"28","10","org.apache.pdfbox.pdfparser.PDFXRefStream.getStream()"
"6","7","org.apache.pdfbox.pdfparser.PDFXRefStream.addTrailerInfo(COSDictionary)"
"28","8","org.apache.pdfbox.pdfparser.PDFXRefStream.getWEntry()"
"21","5","org.apache.pdfbox.pdfparser.PDFXRefStream.getIndexEntry()"
"24","6","org.apache.pdfbox.pdfparser.PDFXRefStream.writeStreamData(OutputStream,OutputStream[])"
"29","20","org.apache.pdfbox.pdfparser.EndstreamOutputStream.write(Override[],int,int)"
"2","5","org.apache.pdfbox.pdfparser.BaseParser.isHexDigit(char)"
"18","8","org.apache.pdfbox.pdfparser.BaseParser.parseCOSDictionaryValue()"
"21","6","org.apache.pdfbox.pdfparser.BaseParser.parseCOSDictionary()"
"18","20","org.apache.pdfbox.pdfparser.BaseParser.readUntilEndOfCOSDictionary()"
"11","5","org.apache.pdfbox.pdfparser.BaseParser.skipWhiteSpaces()"
"10","9","org.apache.pdfbox.pdfparser.BaseParser.checkForEndOfString(int)"
"98","40","org.apache.pdfbox.pdfparser.BaseParser.parseCOSString()"
"24","17","org.apache.pdfbox.pdfparser.BaseParser.parseCOSHexString()"
"32","12","org.apache.pdfbox.pdfparser.BaseParser.parseCOSArray()"
"2","13","org.apache.pdfbox.pdfparser.BaseParser.isEndOfName(int)"
"38","12","org.apache.pdfbox.pdfparser.BaseParser.parseCOSName()"
"19","8","org.apache.pdfbox.pdfparser.BaseParser.parseBoolean()"
"69","31","org.apache.pdfbox.pdfparser.BaseParser.parseDirObject()"
"10","10","org.apache.pdfbox.pdfparser.BaseParser.readString(int)"
"12","7","org.apache.pdfbox.pdfparser.BaseParser.readLine()"
"2","6","org.apache.pdfbox.pdfparser.BaseParser.isWhitespace(int)"
"11","7","org.apache.pdfbox.pdfparser.BaseParser.skipSpaces()"
"10","12","org.apache.pdfbox.pdfparser.BaseParser.readStringNumber()"
"20","8","org.apache.pdfbox.pdfparser.FDFParser.initialParse()"
"10","5","org.apache.pdfbox.pdfparser.FDFParser.parse()"
"62","21","org.apache.pdfbox.pdfparser.PDFXrefStreamParser.parse()"
"32","10","org.apache.pdfbox.pdfparser.XrefTrailerResolver.setStartxref(long)"
"9","5","org.apache.pdfbox.pdfparser.XrefTrailerResolver.getContainedObjectNumbers(int)"
"14","5","org.apache.pdfbox.rendering.CIDType0Glyph2D.getPathForCharacterCode(int)"
"40","10","org.apache.pdfbox.rendering.PDFRenderer.renderImage(int,float,ImageType,RenderDestination)"
"22","5","org.apache.pdfbox.rendering.PDFRenderer.transform(Graphics2D,PDPage,float,float)"
"11","7","org.apache.pdfbox.rendering.PDFRenderer.isBitonal(Graphics2D)"
"12","7","org.apache.pdfbox.rendering.PDFRenderer.hasBlendMode(PDPage)"
"14","8","org.apache.pdfbox.rendering.PDFRenderer.suggestKCMS()"
"9","7","org.apache.pdfbox.rendering.PDFRenderer.isGoodVersion(String,String,int)"
"10","6","org.apache.pdfbox.rendering.PDFRenderer.isMinJdk8()"
"41","11","org.apache.pdfbox.rendering.SoftMask.SoftPaintContext.getRaster(int,int,int,int)"
"6","5","org.apache.pdfbox.rendering.GroupGraphics.create()"
"62","23","org.apache.pdfbox.rendering.GroupGraphics.removeBackdrop(BufferedImage,int,int)"
"21","9","org.apache.pdfbox.rendering.PageDrawer.getPaint(PDColor)"
"26","13","org.apache.pdfbox.rendering.PageDrawer.drawGlyph2D(Glyph2D,PDFont,int,Vector,AffineTransform)"
"31","13","org.apache.pdfbox.rendering.PageDrawer.createGlyph2D(PDFont)"
"28","12","org.apache.pdfbox.rendering.PageDrawer.applySoftMaskToPaint(Paint,PDSoftMask)"
"19","8","org.apache.pdfbox.rendering.PageDrawer.getStroke()"
"14","5","org.apache.pdfbox.rendering.PageDrawer.getDashArray(PDLineDashPattern)"
"22","7","org.apache.pdfbox.rendering.PageDrawer.fillPath(int)"
"34","16","org.apache.pdfbox.rendering.PageDrawer.isRectangular(GeneralPath)"
"61","14","org.apache.pdfbox.rendering.PageDrawer.drawImage(PDImage)"
"10","5","org.apache.pdfbox.rendering.PageDrawer.getSubsampling(PDImage,AffineTransform)"
"24","6","org.apache.pdfbox.rendering.PageDrawer.drawBufferedImage(BufferedImage,AffineTransform)"
"57","8","org.apache.pdfbox.rendering.PageDrawer.applyTransferFunction(BufferedImage,COSBase)"
"21","5","org.apache.pdfbox.rendering.PageDrawer.shadingFill(COSName)"
"26","20","org.apache.pdfbox.rendering.PageDrawer.showAnnotation(PDAnnotation)"
"37","10","org.apache.pdfbox.rendering.PageDrawer.showTransparencyGroup(PDTransparencyGroup)"
"92","15","org.apache.pdfbox.rendering.PageDrawer.TransparencyGroup.TransparencyGroup(PDTransparencyGroup,boolean,Matrix,PDColor)"
"8","7","org.apache.pdfbox.rendering.PageDrawer.TransparencyGroup.isGray(PDColorSpace)"
"22","14","org.apache.pdfbox.rendering.PageDrawer.hasBlendMode(PDTransparencyGroup,COSBase)"
"8","7","org.apache.pdfbox.rendering.PageDrawer.beginMarkedContentSequence(COSName,COSDictionary)"
"14","9","org.apache.pdfbox.rendering.PageDrawer.isHiddenOCG(PDPropertyList)"
"26","21","org.apache.pdfbox.rendering.PageDrawer.isHiddenOCMD(PDOptionalContentMembershipDictionary)"
"10","5","org.apache.pdfbox.rendering.PageDrawer.getJavaVersion()"
"25","37","org.apache.pdfbox.rendering.TilingPaintFactory.TilingPaintParameter.equals(Object)"
"8","6","org.apache.pdfbox.rendering.TilingPaintFactory.TilingPaintParameter.hashCode()"
"26","15","org.apache.pdfbox.rendering.TTFGlyph2D.getPathForGID(int,int)"
"24","12","org.apache.pdfbox.rendering.Type1Glyph2D.getPathForCharacterCode(int)"
"11","7","org.apache.pdfbox.rendering.Type1Glyph2D.getUniNameOfCodePoint(int)"
"18","12","org.apache.pdfbox.text.PDFTextStripper.processPages(PDPageTree)"
"22","11","org.apache.pdfbox.text.PDFTextStripper.processPage(PDPage)"
"19","5","org.apache.pdfbox.text.PDFTextStripper.fillBeadRectangles(PDPage)"
"99","28","org.apache.pdfbox.text.PDFTextStripper.writePage()"
"2","5","org.apache.pdfbox.text.PDFTextStripper.overlap(float,float,float,float)"
"80","29","org.apache.pdfbox.text.PDFTextStripper.processTextPosition(TextPosition)"
"35","13","org.apache.pdfbox.text.PDFTextStripper.isParagraphSeparation(PositionWrapper,PositionWrapper,PositionWrapper,float)"
"30","10","org.apache.pdfbox.text.PDFTextStripper.handleDirection(String)"
"18","7","org.apache.pdfbox.text.PDFTextStripper.parseBidiFile(InputStream)"
"21","13","org.apache.pdfbox.text.PDFTextStripper.normalizeWord(String)"
"73","26","org.apache.pdfbox.text.LegacyPDFStreamEngine.showGlyph(Matrix,PDFont,int,String,Vector)"
"41","15","org.apache.pdfbox.text.PDFMarkedContentExtractor.processTextPosition(TextPosition)"
"18","11","org.apache.pdfbox.text.TextPositionComparator.compare(TextPosition,TextPosition)"
"20","18","org.apache.pdfbox.text.TextPosition.getDir()"
"13","9","org.apache.pdfbox.text.TextPosition.getXRot(float)"
"13","9","org.apache.pdfbox.text.TextPosition.getYLowerLeftRot(float)"
"23","13","org.apache.pdfbox.text.TextPosition.contains(TextPosition)"
"39","13","org.apache.pdfbox.text.TextPosition.mergeDiacritic(TextPosition)"
"8","7","org.apache.pdfbox.text.TextPosition.isDiacritic()"
"33","33","org.apache.pdfbox.text.TextPosition.equals(Object)"
"4","5","org.apache.pdfbox.filter.ASCII85OutputStream.setTerminator(char)"
"14","6","org.apache.pdfbox.filter.ASCII85OutputStream.write(int)"
"24","10","org.apache.pdfbox.filter.ASCII85OutputStream.flush()"
"9","6","org.apache.pdfbox.filter.CCITTFaxEncoderStream.getNextChanges(int,boolean)"
"12","5","org.apache.pdfbox.filter.CCITTFaxEncoderStream.writeRun(int,boolean)"
"43","12","org.apache.pdfbox.filter.CCITTFaxEncoderStream.encode2D()"
"9","7","org.apache.pdfbox.filter.CCITTFaxEncoderStream.getNextRefChanges(int,boolean)"
"11","6","org.apache.pdfbox.filter.CCITTFaxEncoderStream.write(int,int)"
"34","9","org.apache.pdfbox.filter.CCITTFaxFilter.decode(InputStream,OutputStream,COSDictionary,int)"
"59","28","org.apache.pdfbox.filter.ASCII85InputStream.read()"
"12","8","org.apache.pdfbox.filter.ASCII85InputStream.read(int[],int,int)"
"28","10","org.apache.pdfbox.filter.FlateFilter.decompress(InputStream,OutputStream)"
"42","11","org.apache.pdfbox.filter.JBIG2Filter.decode(InputStream,OutputStream,COSDictionary,int,DecodeOptions)"
"20","8","org.apache.pdfbox.filter.RunLengthDecodeFilter.decode(InputStream,OutputStream,COSDictionary,int)"
"7","5","org.apache.pdfbox.filter.CryptFilter.decode(InputStream,OutputStream,COSDictionary,int)"
"50","15","org.apache.pdfbox.filter.DCTFilter.decode(InputStream,OutputStream,COSDictionary,int,DecodeOptions)"
"24","8","org.apache.pdfbox.filter.DCTFilter.getAdobeTransformByBruteForce(ImageInputStream)"
"13","9","org.apache.pdfbox.filter.DCTFilter.getNumChannels(ImageReader)"
"88","32","org.apache.pdfbox.filter.Predictor.decodePredictorRow(int,int,int,int,int[],int[][])"
"20","8","org.apache.pdfbox.filter.Predictor.decodePredictor(int,int,int,int,InputStream,OutputStream)"
"15","6","org.apache.pdfbox.filter.Predictor.PredictorOutputStream.write(Override[],int,int)"
"21","10","org.apache.pdfbox.filter.ASCIIHexFilter.decode(InputStream,OutputStream,COSDictionary,int)"
"2","6","org.apache.pdfbox.filter.ASCIIHexFilter.isWhitespace(int)"
"9","5","org.apache.pdfbox.filter.CCITTFaxDecoderStream.fetch()"
"45","12","org.apache.pdfbox.filter.CCITTFaxDecoderStream.decode2D()"
"11","8","org.apache.pdfbox.filter.CCITTFaxDecoderStream.getNextChangingElement(int,boolean)"
"16","8","org.apache.pdfbox.filter.CCITTFaxDecoderStream.decodeRowType4()"
"42","18","org.apache.pdfbox.filter.CCITTFaxDecoderStream.decodeRow()"
"14","7","org.apache.pdfbox.filter.CCITTFaxDecoderStream.decodeRun(Tree)"
"15","7","org.apache.pdfbox.filter.CCITTFaxDecoderStream.readBit()"
"8","6","org.apache.pdfbox.filter.CCITTFaxDecoderStream.read()"
"13","6","org.apache.pdfbox.filter.CCITTFaxDecoderStream.read(int[],int,int)"
"10","6","org.apache.pdfbox.filter.CCITTFaxDecoderStream.skip(long)"
"18","7","org.apache.pdfbox.filter.CCITTFaxDecoderStream.Tree.fill(int,int,int)"
"18","7","org.apache.pdfbox.filter.CCITTFaxDecoderStream.Tree.fill(int,int,Node)"
"26","12","org.apache.pdfbox.filter.JPXFilter.decode(InputStream,OutputStream,COSDictionary,int,DecodeOptions)"
"30","11","org.apache.pdfbox.filter.JPXFilter.readJPX(InputStream,DecodeOptions,DecodeResult)"
"34","6","org.apache.pdfbox.filter.LZWFilter.doLZWDecode(InputStream,OutputStream,int)"
"5","5","org.apache.pdfbox.filter.LZWFilter.checkIndexBounds(List[],long,MemoryCacheImageInputStream)"
"36","6","org.apache.pdfbox.filter.LZWFilter.encode(InputStream,OutputStream,COSDictionary)"
"15","10","org.apache.pdfbox.filter.LZWFilter.findPatternCode(List[],List[][])"
"8","7","org.apache.pdfbox.filter.LZWFilter.calculateChunk(int,int)"
"16","12","org.apache.pdfbox.filter.Filter.getDecodeParams(COSDictionary,int)"
"10","6","org.apache.pdfbox.filter.Filter.findImageReader(String,String)"
